id,id_str,name,screen_name,location,description,url,entities,protected,followers_count,fast_followers_count,normal_followers_count,friends_count,listed_count,created_at,favourites_count,utc_offset,time_zone,geo_enabled,verified,statuses_count,media_count,lang,contributors_enabled,is_translator,is_translation_enabled,profile_background_color,profile_background_image_url,profile_background_image_url_https,profile_background_tile,profile_image_url,profile_image_url_https,profile_image_extensions_media_color,profile_image_extensions_alt_text,profile_image_extensions_media_availability,profile_image_extensions,profile_link_color,profile_sidebar_border_color,profile_sidebar_fill_color,profile_text_color,profile_use_background_image,has_extended_profile,default_profile,default_profile_image,pinned_tweet_ids,pinned_tweet_ids_str,has_custom_timelines,can_dm,following,follow_request_sent,notifications,muting,blocking,blocked_by,want_retweets,advertiser_account_type,advertiser_account_service_levels,profile_interstitial_type,business_profile_state,translator_type,withheld_in_countries,followed_by,ext,require_some_consent,search_reporter_name
1106369637304827904,1106369637304827904,ê³µë¯¼ê²½,kbs__kong,,"KBS ê³µë¯¼ê²½ ê¸°ìì…ë‹ˆë‹¤.
ball@kbs.co.krìœ¼ë¡œ ì œë³´ ë¶€íƒë“œë¦½ë‹ˆë‹¤ :)",,{'description': {'urls': []}},False,1,0,1,1,0,Fri Mar 15 01:40:51 +0000 2019,0,,,False,False,0,0,,False,False,False,F5F8FA,,,False,http://pbs.twimg.com/profile_images/1107679903942475777/OQTVnNwG_normal.jpg,https://pbs.twimg.com/profile_images/1107679903942475777/OQTVnNwG_normal.jpg,"{'palette': [{'rgb': {'red': 226, 'green': 121, 'blue': 12}, 'percentage': 31.05}, {'rgb': {'red': 150, 'green': 107, 'blue': 75}, 'percentage': 24.98}, {'rgb': {'red': 236, 'green': 176, 'blue': 17}, 'percentage': 13.54}, {'rgb': {'red': 218, 'green': 53, 'blue': 9}, 'percentage': 7.12}, {'rgb': {'red': 23, 'green': 85, 'blue': 3}, 'percentage': 6.16}]}",,,"{'mediaStats': {'r': {'missing': None}, 'ttl': -1}}",1DA1F2,C0DEED,DDEEF6,333333,True,False,True,False,,,False,,,,,,,,,none,,,none,none,,,"{'highlightedLabel': {'r': {'ok': {}}, 'ttl': -1}}",False,ê³µë¯¼ê²½
297766149,297766149,ê°•ë³‘ìˆ˜,kbsttl,,,,{'description': {'urls': []}},False,6,0,6,48,0,Fri May 13 02:27:34 +0000 2011,2,,,False,False,1,0,,False,False,False,C0DEED,http://abs.twimg.com/images/themes/theme1/bg.png,https://abs.twimg.com/images/themes/theme1/bg.png,False,http://pbs.twimg.com/profile_images/605271532424724480/Ip1GeTMz_normal.jpg,https://pbs.twimg.com/profile_images/605271532424724480/Ip1GeTMz_normal.jpg,"{'palette': [{'rgb': {'red': 34, 'green': 26, 'blue': 24}, 'percentage': 38.89}, {'rgb': {'red': 25, 'green': 42, 'blue': 82}, 'percentage': 14.77}, {'rgb': {'red': 213, 'green': 212, 'blue': 201}, 'percentage': 13.39}, {'rgb': {'red': 80, 'green': 51, 'blue': 33}, 'percentage': 7.58}, {'rgb': {'red': 180, 'green': 141, 'blue': 96}, 'percentage': 2.47}]}",,,"{'mediaStats': {'r': {'missing': None}, 'ttl': -1}}",1DA1F2,C0DEED,DDEEF6,333333,True,False,True,False,,,False,,,,,,,,,none,,,none,none,,,"{'highlightedLabel': {'r': {'ok': {}}, 'ttl': -1}}",False,ê°•ë³‘ìˆ˜
231063047,231063047,ê°•ë³‘ìˆ˜,kbs123789,,,,{'description': {'urls': []}},False,1,0,1,0,0,Mon Dec 27 13:55:48 +0000 2010,11,,,False,False,78,28,,False,False,False,C0DEED,http://abs.twimg.com/images/themes/theme1/bg.png,https://abs.twimg.com/images/themes/theme1/bg.png,False,http://pbs.twimg.com/profile_images/1409444278581882882/Vn0UTd2p_normal.jpg,https://pbs.twimg.com/profile_images/1409444278581882882/Vn0UTd2p_normal.jpg,"{'palette': [{'rgb': {'red': 246, 'green': 245, 'blue': 243}, 'percentage': 81.32}, {'rgb': {'red': 68, 'green': 58, 'blue': 53}, 'percentage': 9.74}, {'rgb': {'red': 226, 'green': 199, 'blue': 142}, 'percentage': 1.59}, {'rgb': {'red': 85, 'green': 62, 'blue': 48}, 'percentage': 0.88}, {'rgb': {'red': 235, 'green': 202, 'blue': 109}, 'percentage': 0.6}]}",,,"{'mediaStats': {'r': {'missing': None}, 'ttl': -1}}",1DA1F2,C0DEED,DDEEF6,333333,True,False,True,False,,,False,,,,,,,,,none,,,none,none,,,"{'highlightedLabel': {'r': {'ok': {}}, 'ttl': -1}}",False,ê°•ë³‘ìˆ˜
194501197,194501197,ê°•ë³‘ìˆ˜,kbslsy,ì„±ë‚¨ì‹œ ë¶„ë‹¹êµ¬,ì„±ë‚¨í˜• ì™€ì´íŒŒì´ êµ¬ì¶•,,{'description': {'urls': []}},False,5439,0,5439,0,6,Fri Sep 24 08:37:07 +0000 2010,4,,,False,False,10465,33,,False,False,False,C0DEED,http://abs.twimg.com/images/themes/theme1/bg.png,https://abs.twimg.com/images/themes/theme1/bg.png,False,http://pbs.twimg.com/profile_images/3272047630/a51f537b93e8b02c5b78155ed35d9060_normal.jpeg,https://pbs.twimg.com/profile_images/3272047630/a51f537b93e8b02c5b78155ed35d9060_normal.jpeg,,,,"{'mediaStats': {'r': {'missing': None}, 'ttl': -1}}",1DA1F2,C0DEED,DDEEF6,333333,True,False,True,False,,,False,,,,,,,,,none,,,none,none,,,"{'highlightedLabel': {'r': {'ok': {}}, 'ttl': -1}}",False,ê°•ë³‘ìˆ˜
1333686504988631041,1333686504988631041,ğŸ–¤ğŸ”ªğŸ““ğŸ’¡ğŸˆâ€â¬›ğŸ’»ğŸ¤,KBS_OMO,,ğ™’ğ™–ğ™ğ™©ğ™ğ™£ğ™œ ğ™›ğ™¤ğ™§ ğ™¨ğ™¤ğ™¢ğ™šğ™©ğ™ğ™ğ™£ğ™œ ğ™©ğ™¤ ğ™ğ™–ğ™¥ğ™¥ğ™šğ™£? â € â € â € â € â € â € â € â € Éª'á´ á´€ Ê™ÉªÉ¢ êœ°á´€É´ á´êœ° á´á´á´Ê€Éª É¢á´€á´á´‡ êœ±ÉªÉ´á´„á´‡ Â²â°Â¹â´ğŸ”•,,{'description': {'urls': []}},False,32315,0,32315,89,109,Tue Dec 01 08:17:06 +0000 2020,4516,,,False,False,2855,214,,False,False,False,F5F8FA,,,False,http://pbs.twimg.com/profile_images/1357986647292342274/fnKa0Yna_normal.jpg,https://pbs.twimg.com/profile_images/1357986647292342274/fnKa0Yna_normal.jpg,"{'palette': [{'rgb': {'red': 230, 'green': 229, 'blue': 231}, 'percentage': 60.97}, {'rgb': {'red': 124, 'green': 124, 'blue': 124}, 'percentage': 32.92}, {'rgb': {'red': 111, 'green': 73, 'blue': 183}, 'percentage': 3.12}, {'rgb': {'red': 32, 'green': 33, 'blue': 35}, 'percentage': 2.37}, {'rgb': {'red': 80, 'green': 49, 'blue': 114}, 'percentage': 0.29}]}",,,"{'mediaStats': {'r': {'missing': None}, 'ttl': -1}}",1DA1F2,C0DEED,DDEEF6,333333,True,True,True,False,[1481456473230090241],1481456473230090241,True,,,,,,,,,none,,,none,none,,,"{'highlightedLabel': {'r': {'ok': {}}, 'ttl': -1}}",False,KBS
1437103148682776579,1437103148682776579,ãƒŠãƒªãµã‚Š!!!ã€KBSäº¬éƒ½ãƒ©ã‚¸ã‚ªã€‘,kbsnarihuri,,KBSäº¬éƒ½ãƒ©ã‚¸ã‚ªã€ãƒŠãƒªãµã‚Š!!!ã€å…¬å¼Twitterã§ã™ï¼ ç¬¬äºŒã€ç¬¬å››æ—¥æ›œæ—¥20æ™‚ã€œ20æ™‚åŠæ”¾é€ä¸­ï¼ MC ãƒœãƒ³ã–ã‚ãƒ¼ã‚‹ã©ï¼ˆå‰æœ¬æ–°å–œåŠ‡ï¼‰ #ã‚¸ãƒ¥ãƒ¼ãƒ­ãƒƒã‚¯ã€ã‚·ãƒ£ãƒ‹ãƒ ãƒ‹=ãƒ‘ãƒ¬ãƒ¼ãƒ‰ã€ãƒ¯ãƒƒãƒ„â—ã•ãƒ¼ãã‚‹ã€#PANnana ã®ãƒãƒãƒ£ãƒ¡ãƒãƒ£ãƒ¬ãƒ‡ã‚£ã‚ªğŸ“»FM94.9/AM1143 å…¨å›½radikoã§ã‚‚è´ã‘ã‚‹ã‚ˆâ™ª,,{'description': {'urls': []}},False,217,0,217,52,3,Sun Sep 12 17:18:29 +0000 2021,947,,,False,False,71,43,,False,False,False,F5F8FA,,,False,http://pbs.twimg.com/profile_images/1437155589319114752/cwUeUhJR_normal.jpg,https://pbs.twimg.com/profile_images/1437155589319114752/cwUeUhJR_normal.jpg,"{'palette': [{'rgb': {'red': 255, 'green': 255, 'blue': 91}, 'percentage': 48.39}, {'rgb': {'red': 255, 'green': 254, 'blue': 136}, 'percentage': 16.64}, {'rgb': {'red': 248, 'green': 4, 'blue': 30}, 'percentage': 6.59}, {'rgb': {'red': 219, 'green': 234, 'blue': 174}, 'percentage': 5.46}, {'rgb': {'red': 164, 'green': 195, 'blue': 191}, 'percentage': 3.78}]}",,,"{'mediaStats': {'r': {'missing': None}, 'ttl': -1}}",1DA1F2,C0DEED,DDEEF6,333333,True,True,True,False,,,False,,,,,,,,,none,,,none,none,,,"{'highlightedLabel': {'r': {'ok': {}}, 'ttl': -1}}",False,KBS
123732140,123732140,æµ·å¹³ å’Œï¼ˆKBSäº¬éƒ½ã‚¢ãƒŠã‚¦ãƒ³ã‚µãƒ¼â˜†ãªã”ã¿ã‚“ï¼‰,nagomimi753,,KBSäº¬éƒ½ã‚¢ãƒŠã‚¦ãƒ³ã‚µãƒ¼ã€‚LOVE â™¡äº¬éƒ½ã¨ã‚¹ãƒãƒ¼ãƒ„ãŒå¤§ã‚¹ã‚­â™¡BOATRACE RADIO GIRLSâ˜†ãƒ¯ã‚¯ãƒ¯ã‚¯ã‚­ãƒ©ã‚­ãƒ©ã‚¬ãƒ ã‚·ãƒ£ãƒ©â€¼ â˜†äº¬ã‚¹ãƒâ˜†newsãƒ•ã‚§ã‚¤ã‚¹â˜†äº¬éƒ½ã®ãŸã‚ã«ã§ãã‚‹ã“ã¨ã€é ‘å¼µã£ã¦ã„ããŸã„ï¼ï¼,https://t.co/SBu2vIpheI,"{'url': {'urls': [{'url': 'https://t.co/SBu2vIpheI', 'expanded_url': 'https://www.kbs-kyoto.co.jp/tv/kyospo/03_chu/', 'display_url': 'kbs-kyoto.co.jp/tv/kyospo/03_câ€¦', 'indices': [0, 23]}]}, 'description': {'urls': []}}",False,11011,0,11011,892,146,Wed Mar 17 02:17:02 +0000 2010,2842,,,False,False,12237,5047,,False,False,False,C0DEED,http://abs.twimg.com/images/themes/theme1/bg.png,https://abs.twimg.com/images/themes/theme1/bg.png,False,http://pbs.twimg.com/profile_images/1125284645371662336/dyV9T0ZB_normal.jpg,https://pbs.twimg.com/profile_images/1125284645371662336/dyV9T0ZB_normal.jpg,"{'palette': [{'rgb': {'red': 251, 'green': 235, 'blue': 224}, 'percentage': 30.1}, {'rgb': {'red': 217, 'green': 104, 'blue': 128}, 'percentage': 24.88}, {'rgb': {'red': 226, 'green': 152, 'blue': 156}, 'percentage': 13.57}, {'rgb': {'red': 45, 'green': 24, 'blue': 30}, 'percentage': 12.96}, {'rgb': {'red': 228, 'green': 68, 'blue': 121}, 'percentage': 5.24}]}",,,"{'mediaStats': {'r': {'missing': None}, 'ttl': -1}}",1DA1F2,C0DEED,DDEEF6,333333,True,True,True,False,,,True,,,,,,,,,promotable_user,analytics,,none,none,,,"{'highlightedLabel': {'r': {'ok': {}}, 'ttl': -1}}",False,KBS
110936556,110936556,KBS WORLD TV,KBSWorldTV,"Seoul, Korea",KBS WORLD provides 24/7 streaming service on Korea's latest & most popular programsğŸŒ,https://t.co/ocKHGlNVSD,"{'url': {'urls': [{'url': 'https://t.co/ocKHGlNVSD', 'expanded_url': 'https://www.youtube.com/user/kbsworld', 'display_url': 'youtube.com/user/kbsworld', 'indices': [0, 23]}]}, 'description': {'urls': []}}",False,2113670,0,2113670,680,3875,Wed Feb 03 07:53:13 +0000 2010,2974,,,True,True,35916,11926,,False,False,False,2AA8E3,http://abs.twimg.com/images/themes/theme16/bg.gif,https://abs.twimg.com/images/themes/theme16/bg.gif,False,http://pbs.twimg.com/profile_images/1347443419019239425/3GrnHjge_normal.jpg,https://pbs.twimg.com/profile_images/1347443419019239425/3GrnHjge_normal.jpg,"{'palette': [{'rgb': {'red': 255, 'green': 255, 'blue': 255}, 'percentage': 58.29}, {'rgb': {'red': 25, 'green': 125, 'blue': 194}, 'percentage': 27.25}, {'rgb': {'red': 118, 'green': 209, 'blue': 129}, 'percentage': 4.13}, {'rgb': {'red': 148, 'green': 212, 'blue': 189}, 'percentage': 3.74}, {'rgb': {'red': 88, 'green': 179, 'blue': 199}, 'percentage': 2.84}]}",,,"{'mediaStats': {'r': {'missing': None}, 'ttl': -1}}",1B95E0,FFFFFF,DDEEF6,333333,True,False,False,False,,,True,,,,,,,,,promotable_user,"mms,media_studio",,none,none,,,"{'highlightedLabel': {'r': {'ok': {}}, 'ttl': -1}}",False,KBS
172231049,172231049,KBSìŠ¤í¬ì¸ ,KBS_sports,ì—¬ì˜ë„,"KBS í•œêµ­ë°©ì†¡ ìŠ¤í¬ì¸  ê³µì‹ ê³„ì •ì…ë‹ˆë‹¤. ì˜ì¹´3ì™€ ì£¼ìš” ìŠ¤í¬ì¸  ì†Œì‹ì„ ì „í•´ë“œë¦¬ê² ìŠµë‹ˆë‹¤  
 í˜ì´ìŠ¤ë¶: https://t.co/1WvuMDTInL",http://t.co/coFUy3Ma4l,"{'url': {'urls': [{'url': 'http://t.co/coFUy3Ma4l', 'expanded_url': 'http://sports.kbs.co.kr', 'display_url': 'sports.kbs.co.kr', 'indices': [0, 22]}]}, 'description': {'urls': [{'url': 'https://t.co/1WvuMDTInL', 'expanded_url': 'http://facebook.com/kbssports', 'display_url': 'facebook.com/kbssports', 'indices': [57, 80]}]}}",False,58726,0,58726,17337,157,Thu Jul 29 05:45:39 +0000 2010,1289,,,False,True,12245,7767,,False,False,False,FFF04D,http://abs.twimg.com/images/themes/theme19/bg.gif,https://abs.twimg.com/images/themes/theme19/bg.gif,False,http://pbs.twimg.com/profile_images/1258572195023843329/CZj3rzRm_normal.jpg,https://pbs.twimg.com/profile_images/1258572195023843329/CZj3rzRm_normal.jpg,"{'palette': [{'rgb': {'red': 63, 'green': 57, 'blue': 138}, 'percentage': 88.81}, {'rgb': {'red': 180, 'green': 139, 'blue': 254}, 'percentage': 7.81}, {'rgb': {'red': 250, 'green': 250, 'blue': 247}, 'percentage': 2.7}, {'rgb': {'red': 104, 'green': 99, 'blue': 153}, 'percentage': 0.42}, {'rgb': {'red': 172, 'green': 165, 'blue': 197}, 'percentage': 0.14}]}",,,"{'mediaStats': {'r': {'missing': None}, 'ttl': -1}}",0099CC,FFF8AD,F6FFD1,333333,True,False,False,False,,,True,,,,,,,,,promotable_user,analytics,,none,none,,,"{'highlightedLabel': {'r': {'ok': {}}, 'ttl': -1}}",False,KBS
52661072,52661072,ë®¤ì§ë±…í¬ (Music Bank)ğŸ¦,KBSMusicBank,"ëŒ€í•œë¯¼êµ­ ì„œìš¸ (Seoul, South Korea)","Friday 17:00 KBS 2TV ê°€ì¥ ì‹ ë¢°í•  ìˆ˜ ìˆëŠ” ìŒì•… ì°¨íŠ¸ K-Chart, í˜„ì¬ KBS Worldë¥¼ í†µí•´ 117ê°œêµ­ ë°©ì†¡ ä¸­",,{'description': {'urls': []}},False,2034420,0,2034420,19,5043,Wed Jul 01 07:17:45 +0000 2009,155,,,True,True,2018,740,,False,False,False,010C0D,http://abs.twimg.com/images/themes/theme1/bg.png,https://abs.twimg.com/images/themes/theme1/bg.png,False,http://pbs.twimg.com/profile_images/1460149723671990272/xqA9TWcb_normal.png,https://pbs.twimg.com/profile_images/1460149723671990272/xqA9TWcb_normal.png,"{'palette': [{'rgb': {'red': 255, 'green': 255, 'blue': 255}, 'percentage': 84.89}, {'rgb': {'red': 0, 'green': 0, 'blue': 1}, 'percentage': 9.78}, {'rgb': {'red': 106, 'green': 24, 'blue': 116}, 'percentage': 1.43}, {'rgb': {'red': 29, 'green': 141, 'blue': 130}, 'percentage': 0.95}, {'rgb': {'red': 78, 'green': 51, 'blue': 114}, 'percentage': 0.83}]}",,,"{'mediaStats': {'r': {'missing': None}, 'ttl': -1}}",96268B,FFFFFF,FADD4B,030003,True,False,False,False,,,False,,,,,,,,,promotable_user,dso,,none,none,,,"{'highlightedLabel': {'r': {'ok': {}}, 'ttl': -1}}",False,KBS
533784838,533784838,KBSäº¬éƒ½ã‚¢ãƒŠã‚¦ãƒ³ã‚µãƒ¼,kbs_ann,,KBSäº¬éƒ½ã®ã‚¢ãƒŠã‚¦ãƒ³ã‚µãƒ¼ãŒä¸å®šæœŸã«ã¤ã¶ã‚„ãã¾ã™ã€‚,http://t.co/Cx2evA1460,"{'url': {'urls': [{'url': 'http://t.co/Cx2evA1460', 'expanded_url': 'http://www.kbs-kyoto.co.jp/announcer/', 'display_url': 'kbs-kyoto.co.jp/announcer/', 'indices': [0, 22]}]}, 'description': {'urls': []}}",False,1009,0,1009,17,41,Fri Mar 23 02:41:12 +0000 2012,58,,,False,False,194,38,,False,False,False,FF6699,http://abs.twimg.com/images/themes/theme11/bg.gif,https://abs.twimg.com/images/themes/theme11/bg.gif,True,http://pbs.twimg.com/profile_images/1989330432/kbs_anna_normal.png,https://pbs.twimg.com/profile_images/1989330432/kbs_anna_normal.png,"{'palette': [{'rgb': {'red': 125, 'green': 221, 'blue': 242}, 'percentage': 53.35}, {'rgb': {'red': 214, 'green': 232, 'blue': 142}, 'percentage': 16.53}, {'rgb': {'red': 220, 'green': 245, 'blue': 251}, 'percentage': 10.54}, {'rgb': {'red': 255, 'green': 11, 'blue': 0}, 'percentage': 2.53}, {'rgb': {'red': 1, 'green': 255, 'blue': 0}, 'percentage': 1.74}]}",,,"{'mediaStats': {'r': {'missing': None}, 'ttl': -1}}",B40B43,CC3366,E5507E,362720,True,False,False,False,,,False,,,,,,,,,promotable_user,analytics,,none,none,,,"{'highlightedLabel': {'r': {'ok': {}}, 'ttl': -1}}",False,KBS
1111189579904643073,1111189579904643073,ã•ã‚‰ãƒ”ãƒ³ï¼ã‚­ãƒ§ã‚¦ãƒˆï½œKBSäº¬éƒ½ãƒ©ã‚¸ã‚ª,kbs_sarakyo,,KBSäº¬éƒ½ãƒ©ã‚¸ã‚ª æœˆï½æœ¨æ›œæ—¥ 14:00ï½17:00 ã‚ªãƒ³ã‚¨ã‚¢ã€‚ã“ã®è¡—ã«æ¯ã¥ãæ‚ ä¹…ã®æ­´å²ã«æŠ±ã‹ã‚ŒãªãŒã‚‰ã€äººãŒç´¡ãå‡ºã™æ–‡åŒ–ã¨å–¶ã¿ã€‚äº¬éƒ½ã‚’åŸºè»¸ã«æ´»èºã™ã‚‹å¤šã‚¸ãƒ£ãƒ³ãƒ«ã®è‹¥æ‰‹æ–‡åŒ–äººã¨ã¨ã‚‚ã«ã€äºŒäººã®ã‚¢ãƒŠã‚¦ãƒ³ã‚µãƒ¼ãŒå¤‰ã‚ã‚Šç¶šã‘ã‚‹äº¬éƒ½ã®ã€Œä»Šã€ã‚’ãƒ©ã‚¸ã‚ªã‹ã‚‰ãŠå±Šã‘ã—ã¾ã™ã€‚,https://t.co/MZXgi6BEBT,"{'url': {'urls': [{'url': 'https://t.co/MZXgi6BEBT', 'expanded_url': 'https://www.kbs-kyoto.co.jp/radio/sara/', 'display_url': 'kbs-kyoto.co.jp/radio/sara/', 'indices': [0, 23]}]}, 'description': {'urls': []}}",False,679,0,679,116,14,Thu Mar 28 08:53:35 +0000 2019,3285,,,False,False,5842,1138,,False,False,False,F5F8FA,,,False,http://pbs.twimg.com/profile_images/1375327908919615491/lzQuFGcR_normal.jpg,https://pbs.twimg.com/profile_images/1375327908919615491/lzQuFGcR_normal.jpg,"{'palette': [{'rgb': {'red': 209, 'green': 189, 'blue': 209}, 'percentage': 42.65}, {'rgb': {'red': 204, 'green': 58, 'blue': 109}, 'percentage': 14.18}, {'rgb': {'red': 189, 'green': 151, 'blue': 194}, 'percentage': 11.05}, {'rgb': {'red': 22, 'green': 25, 'blue': 38}, 'percentage': 8.02}, {'rgb': {'red': 208, 'green': 106, 'blue': 161}, 'percentage': 7.15}]}",,,"{'mediaStats': {'r': {'missing': None}, 'ttl': -1}}",1DA1F2,C0DEED,DDEEF6,333333,True,True,True,False,,,True,,,,,,,,,none,,,none,none,,,"{'highlightedLabel': {'r': {'ok': {}}, 'ttl': -1}}",False,KBS
123194278,123194278,KBSäº¬éƒ½,kbskyoto_web,äº¬éƒ½å¸‚ä¸Šäº¬åŒºçƒä¸¸ä¸Šé•·è€…ç”º,"KBSäº¬éƒ½(æ ªå¼ä¼šç¤¾äº¬éƒ½æ”¾é€)ã¯äº¬éƒ½å¸‚ä¸Šäº¬åŒºã«ã‚ã‚‹ãƒ†ãƒ¬ãƒ“ãƒ»ãƒ©ã‚¸ã‚ªå…¼å–¶ã®æ”¾é€å±€ã§ã™ã€‚twitterã§å­£ç¯€ã”ã¨ã®äº¬éƒ½è¦³å…‰æƒ…å ±ã‚„ç•ªçµ„ãƒ»ã‚¤ãƒ™ãƒ³ãƒˆæƒ…å ±ãªã©ã‚’ç™ºä¿¡ã—ã¦ã„ãã¾ã™ã€‚è©³ã—ã„ç•ªçµ„æƒ…å ±ã¯KBSäº¬éƒ½ã‚¦ã‚§ãƒ–ã‚µã‚¤ãƒˆã‚’ã”è¦§ãã ã•ã„ã€‚
(å½“ãƒšãƒ¼ã‚¸ã®é‹ç”¨åŸºæº–ã«ã¤ã„ã¦ã¯ http://t.co/LmuctGts6X ã‚’ã”è¦§ãã ã•ã„)",http://t.co/TXPulXZEpd,"{'url': {'urls': [{'url': 'http://t.co/TXPulXZEpd', 'expanded_url': 'http://www.kbs-kyoto.co.jp', 'display_url': 'kbs-kyoto.co.jp', 'indices': [0, 22]}]}, 'description': {'urls': [{'url': 'http://t.co/LmuctGts6X', 'expanded_url': 'http://bit.ly/TuuG5T', 'display_url': 'bit.ly/TuuG5T', 'indices': [127, 149]}]}}",False,17911,0,17911,209,544,Mon Mar 15 09:05:49 +0000 2010,96,,,True,False,4376,631,,False,False,False,C6E2EE,http://abs.twimg.com/images/themes/theme2/bg.gif,https://abs.twimg.com/images/themes/theme2/bg.gif,False,http://pbs.twimg.com/profile_images/2398721431/cfxbfx67p84h1lsffhg2_normal.png,https://pbs.twimg.com/profile_images/2398721431/cfxbfx67p84h1lsffhg2_normal.png,"{'palette': [{'rgb': {'red': 255, 'green': 255, 'blue': 246}, 'percentage': 92.52}, {'rgb': {'red': 3, 'green': 120, 'blue': 179}, 'percentage': 7.48}]}",,,"{'mediaStats': {'r': {'missing': None}, 'ttl': -1}}",1F98C7,C6E2EE,DAECF4,663B12,True,True,False,False,,,True,,,,,,,,,promotable_user,,,none,none,,,"{'highlightedLabel': {'r': {'ok': {}}, 'ttl': -1}}",False,KBS
1442335926995226631,1442335926995226631,26å›ã®ãƒ›ã‚‰è©±ã€KBSäº¬éƒ½ãƒ©ã‚¸ã‚ªã€‘,kbs_hola,,"æ¬§ç±³ã‚«ãƒ«ãƒãƒ£ãƒ¼ã®å½±éŸ¿ã‚’å—ã‘ã€æ—¥æœ¬äººã®è§£é‡ˆã§ç”Ÿã¾ã‚ŒãŸç‹¬è‡ªã®ã€Œå’Œãƒ¢ãƒã€ä½œå“ã‚’æ–°æ—§å–ã‚Šæ··ãœã¦ã€æ–°ãŸãªè¦–ç‚¹ã§ç´¹ä»‹ã—ã¦ã„ãç•ªçµ„ã€‚æœ‰åãªã‚ã®äººã«ã“ã‚“ãªæ›²ãŒï¼ä»Šã€ãƒ­ãƒ¼ã‚«ãƒ«ã«è©±é¡Œã®ã‚ã®äººãŒç™»å ´ï¼ãªã©ã€ãƒ¢ãƒãƒ»ãƒ’ãƒˆãƒ»ã‚³ãƒˆã‚’ç¹”ã‚Šäº¤ãœã¾ã™ã€‚

ã€KBSäº¬éƒ½ãƒ©ã‚¸ã‚ªã€‘æœ¨æ›œæ—¥ 18:00ï½19:00 ã‚ªãƒ³ã‚¨ã‚¢",,{'description': {'urls': []}},False,84,0,84,2,1,Mon Sep 27 03:51:10 +0000 2021,81,,,False,False,467,109,,False,False,False,F5F8FA,,,False,http://pbs.twimg.com/profile_images/1442336180335353859/HEfYBpuJ_normal.jpg,https://pbs.twimg.com/profile_images/1442336180335353859/HEfYBpuJ_normal.jpg,"{'palette': [{'rgb': {'red': 255, 'green': 255, 'blue': 255}, 'percentage': 92.85}, {'rgb': {'red': 31, 'green': 31, 'blue': 33}, 'percentage': 2.99}, {'rgb': {'red': 246, 'green': 13, 'blue': 30}, 'percentage': 1.26}, {'rgb': {'red': 247, 'green': 179, 'blue': 191}, 'percentage': 0.51}, {'rgb': {'red': 240, 'green': 64, 'blue': 84}, 'percentage': 0.4}]}",,,"{'mediaStats': {'r': {'missing': None}, 'ttl': -1}}",1DA1F2,C0DEED,DDEEF6,333333,True,True,True,False,,,False,,,,,,,,,none,,,none,none,,,"{'highlightedLabel': {'r': {'ok': {}}, 'ttl': -1}}",False,KBS
953563500529332224,953563500529332224,ã‚­ãƒ§ãƒ¼ãƒˆãƒªã‚¢ãƒ«ï¼ã‚³ãƒ³ãƒ‹ãƒçš„ãƒãƒ¥ãƒ¼ãƒˆãƒªã‚¢ãƒ«,kbs_real,äº¬éƒ½,è¤‡é›‘ã«å…¥ã‚Šçµ„ã‚“ã ç¾ä»£ç¤¾ä¼šã‚’æ§˜ã€…ãªè§’åº¦ã‹ã‚‰ãƒãƒ¥ãƒ¼ãƒˆãƒªã‚¢ãƒ«ãŒåˆ‡ã‚Šå–ã‚‹æ–°æ„Ÿè¦šãƒãƒ©ã‚¨ãƒ†ã‚£ãƒ©ã‚¸ã‚ªã€‚äº¬éƒ½(ã‚­ãƒ§ãƒ¼ãƒˆ)ã‹ã‚‰ä»Šæ—¥(ã‚­ãƒ§ãƒ¼)ã‚’ãƒªã‚¢ãƒ«ã«ä¼ãˆã¾ã™ï¼ åœ°å…ƒäº¬éƒ½ã‹ã‚‰ãƒãƒ¥ãƒ¼ãƒˆãƒªã‚¢ãƒ«ã®å…¨å›½åŒºãƒ¡ãƒ‡ã‚£ã‚¢ã§ã¯è¦‹ã‚‰ã‚Œãªã„ç´ é¡”ãŒãƒ©ã‚¸ã‚ªã®ä¸­ã«å¼¾ã‘ã¾ã™ã€‚KBSäº¬éƒ½ãƒ©ã‚¸ã‚ªã€Œã‚­ãƒ§ãƒ¼ãƒˆãƒªã‚¢ãƒ«ã€ã¯æ¯é€±åœŸæ›œæ—¥22æ™‚ï½23æ™‚ã§æ”¾é€ä¸­ï¼,https://t.co/9df1kJzmFM,"{'url': {'urls': [{'url': 'https://t.co/9df1kJzmFM', 'expanded_url': 'http://www.kbs-kyoto.co.jp/radio/real/', 'display_url': 'kbs-kyoto.co.jp/radio/real/', 'indices': [0, 23]}]}, 'description': {'urls': []}}",False,2697,0,2697,2,34,Wed Jan 17 09:43:49 +0000 2018,11,,,False,False,163,68,,False,False,False,000000,http://abs.twimg.com/images/themes/theme1/bg.png,https://abs.twimg.com/images/themes/theme1/bg.png,False,http://pbs.twimg.com/profile_images/953565742380728320/62ICwoet_normal.jpg,https://pbs.twimg.com/profile_images/953565742380728320/62ICwoet_normal.jpg,"{'palette': [{'rgb': {'red': 255, 'green': 171, 'blue': 12}, 'percentage': 47.11}, {'rgb': {'red': 24, 'green': 18, 'blue': 11}, 'percentage': 14.48}, {'rgb': {'red': 215, 'green': 197, 'blue': 189}, 'percentage': 11.57}, {'rgb': {'red': 253, 'green': 224, 'blue': 51}, 'percentage': 7.67}, {'rgb': {'red': 249, 'green': 14, 'blue': 14}, 'percentage': 3.25}]}",,,"{'mediaStats': {'r': {'missing': None}, 'ttl': -1}}",FF691F,000000,000000,000000,False,False,False,False,[1500108208886599687],1500108208886599687,False,,,,,,,,,none,,,none,none,,,"{'highlightedLabel': {'r': {'ok': {}}, 'ttl': -1}}",False,KBS
1366634682528403456,1366634682528403456,KBSäº¬éƒ½ãƒ©ã‚¸ã‚ªã€Œç¦å±±æ½¤ ã‚­ãƒ§ã‚¦ãƒˆãƒ‹ã‚¤ã‚±ã‚ºã€(ãƒ‹ã‚³ãƒ‹ã‚³chã§ã‚‚é…ä¿¡ä¸­ï¼‰,kbs_ikezu,,"æ¯é€±é‡‘æ›œ24:00ï½24:30KBSäº¬éƒ½ãƒ©ã‚¸ã‚ªã§æ”¾é€ä¸­ï¼ã‚¤ã‚±ã‚ºã®æœ¬å ´â€œäº¬éƒ½â€ã‚’èˆå°ã«ã€ãŠéš£â€œå¤§é˜ªåºœé«˜æ§»å¸‚â€å‡ºèº«ã®å£°å„ªãƒ»ç¦å±±æ½¤ãŒã‚¤ã‚±ã‚ºå¿ƒã‚’è¦—ã‹ã›ãªãŒã‚‰å°ç²‹ãªãƒ©ã‚¸ã‚ªã‚’ãŠé€ã‚Šã—ã¾ã™ã€‚
ãƒ‹ã‚³ãƒ‹ã‚³ãƒãƒ£ãƒ³ãƒãƒ«ã§ã‚‚åŒæ™‚é…ä¿¡ â†’ https://t.co/Bxz7r74S9q",https://t.co/Q4iL1ePbEm,"{'url': {'urls': [{'url': 'https://t.co/Q4iL1ePbEm', 'expanded_url': 'https://www.kbs-kyoto.co.jp/radio/ikezu/', 'display_url': 'kbs-kyoto.co.jp/radio/ikezu/', 'indices': [0, 23]}]}, 'description': {'urls': [{'url': 'https://t.co/Bxz7r74S9q', 'expanded_url': 'http://ch.nicovideo.jp/ikezu', 'display_url': 'ch.nicovideo.jp/ikezu', 'indices': [107, 130]}]}}",False,2917,0,2917,4,14,Tue Mar 02 06:21:29 +0000 2021,0,,,False,False,232,114,,False,False,False,F5F8FA,,,False,http://pbs.twimg.com/profile_images/1367750216485539845/ryZ59dNS_normal.jpg,https://pbs.twimg.com/profile_images/1367750216485539845/ryZ59dNS_normal.jpg,"{'palette': [{'rgb': {'red': 250, 'green': 228, 'blue': 215}, 'percentage': 95.46}, {'rgb': {'red': 62, 'green': 49, 'blue': 42}, 'percentage': 2.62}, {'rgb': {'red': 135, 'green': 118, 'blue': 104}, 'percentage': 0.15}]}",,,"{'mediaStats': {'r': {'missing': None}, 'ttl': -1}}",1DA1F2,C0DEED,DDEEF6,333333,True,True,True,False,,,False,,,,,,,,,promotable_user,analytics,,none,none,,,"{'highlightedLabel': {'r': {'ok': {}}, 'ttl': -1}}",False,KBS
1121327574464905218,1121327574464905218,ã¾ï½ã¶ã‚‹ï¼ï½œKBSäº¬éƒ½ãƒ©ã‚¸ã‚ª,kbs_marble,æ—¥æœ¬ äº¬éƒ½,ãƒ©ã‚¸ã‚ªã‚«ãƒ¼ã®è¡—è§’æƒ…å ±ã‚„åˆå¾Œã‹ã‚‰ã®ãŠå‡ºã‹ã‘ã«å½¹ç«‹ã¤è©±é¡Œãªã©ã‚’ç››ã‚Šè¾¼ã¿ãªãŒã‚‰ã€æ—¥ã€…ã®æš®ã‚‰ã—ã®ã©çœŸã‚“ä¸­ã‚’ã€ãã‚Œãã‚Œã®ã‚«ãƒ©ãƒ¼ã§å½©ã‚Šã¾ã™ã€‚ KBSäº¬éƒ½ãƒ©ã‚¸ã‚ª æœˆï½æœ¨æ›œæ—¥ åˆå‰10:00ï½14:00 ã‚ªãƒ³ã‚¨ã‚¢ ã€ç•ªçµ„ã‚µã‚¤ãƒˆã€‘https://t.co/xvsLsx1NvN,https://t.co/q5XvyKSSPt,"{'url': {'urls': [{'url': 'https://t.co/q5XvyKSSPt', 'expanded_url': 'http://Instagram.com/kbs_marble', 'display_url': 'Instagram.com/kbs_marble', 'indices': [0, 23]}]}, 'description': {'urls': [{'url': 'https://t.co/xvsLsx1NvN', 'expanded_url': 'https://www.kbs-kyoto.co.jp/radio/marble/', 'display_url': 'kbs-kyoto.co.jp/radio/marble/', 'indices': [106, 129]}]}}",False,2376,0,2376,31,31,Thu Apr 25 08:18:21 +0000 2019,1113,,,False,False,3243,1576,,False,False,False,F5F8FA,,,False,http://pbs.twimg.com/profile_images/1121327720208617472/IoxEDDKB_normal.jpg,https://pbs.twimg.com/profile_images/1121327720208617472/IoxEDDKB_normal.jpg,"{'palette': [{'rgb': {'red': 254, 'green': 254, 'blue': 254}, 'percentage': 48.85}, {'rgb': {'red': 102, 'green': 202, 'blue': 238}, 'percentage': 7.73}, {'rgb': {'red': 223, 'green': 174, 'blue': 206}, 'percentage': 5.99}, {'rgb': {'red': 214, 'green': 90, 'blue': 88}, 'percentage': 5.85}, {'rgb': {'red': 201, 'green': 217, 'blue': 66}, 'percentage': 5.77}]}",,,"{'mediaStats': {'r': {'missing': None}, 'ttl': -1}}",1DA1F2,C0DEED,DDEEF6,333333,True,True,True,False,,,False,,,,,,,,,promotable_user,analytics,,none,none,,,"{'highlightedLabel': {'r': {'ok': {}}, 'ttl': -1}}",False,KBS
403922973,403922973,KBS World,KBSJAPAN,æ±äº¬,"éŸ“æµãƒ‰ãƒ©ãƒã€K-POPã€ãƒãƒ©ã‚¨ãƒ†ã‚£ã€ãƒ‰ã‚­ãƒ¥ãƒ¡ãƒ³ã‚¿ãƒªãƒ¼ã€ãƒªã‚¢ãƒ«ã‚¿ã‚¤ãƒ ãƒ‹ãƒ¥ãƒ¼ã‚¹ãªã©KBSç•ªçµ„ã‚’24æ™‚é–“æ¥½ã—ã‚ã‚‹éŸ“å›½å°‚é–€ãƒãƒ£ãƒ³ãƒãƒ«KBS Worldã®å…¬å¼ã‚¢ã‚«ã‚¦ãƒ³ãƒˆã€‚
KBS Worldè¦–è´æ–¹æ³•ï¼šhttps://t.co/JpSy7ZPBLV
å•ã„åˆã‚ã›ï¼šhttps://t.co/SQEp3OZkxc
ä»Šæ—¥ã®ç•ªçµ„è¡¨ï¼šhttps://t.co/MJjrrtekCV",https://t.co/pXq9Z1BfBA,"{'url': {'urls': [{'url': 'https://t.co/pXq9Z1BfBA', 'expanded_url': 'http://www.kbsworld.ne.jp/', 'display_url': 'kbsworld.ne.jp', 'indices': [0, 23]}]}, 'description': {'urls': [{'url': 'https://t.co/JpSy7ZPBLV', 'expanded_url': 'http://bit.ly/3vpw2sf', 'display_url': 'bit.ly/3vpw2sf', 'indices': [95, 118]}, {'url': 'https://t.co/SQEp3OZkxc', 'expanded_url': 'http://bit.ly/3sTb6IE', 'display_url': 'bit.ly/3sTb6IE', 'indices': [125, 148]}, {'url': 'https://t.co/MJjrrtekCV', 'expanded_url': 'http://bit.ly/3eDqYKa', 'display_url': 'bit.ly/3eDqYKa', 'indices': [156, 179]}]}}",False,86416,0,86416,51619,425,Thu Nov 03 05:49:10 +0000 2011,0,,,False,False,18367,5764,,False,False,False,9AE4E8,http://abs.twimg.com/images/themes/theme16/bg.gif,https://abs.twimg.com/images/themes/theme16/bg.gif,False,http://pbs.twimg.com/profile_images/848794505897664512/9bG9DECJ_normal.jpg,https://pbs.twimg.com/profile_images/848794505897664512/9bG9DECJ_normal.jpg,,,,"{'mediaStats': {'r': {'missing': None}, 'ttl': -1}}",0084B4,BDDCAD,DDFFCC,333333,True,False,False,False,,,False,,,,,,,,,promotable_user,,,none,none,,,"{'highlightedLabel': {'r': {'ok': {}}, 'ttl': -1}}",False,KBS
164509454,164509454,KBS ë‰´ìŠ¤,KBSnews,seoul korea,"KBSë‰´ìŠ¤ëŠ” ì‹œì²­ì ì—¬ëŸ¬ë¶„ê³¼ í•¨ê»˜ ë§Œë“¤ì–´ ê°‘ë‹ˆë‹¤. 
ë‰´ìŠ¤ì œë³´ëŠ” ì¹´ì¹´ì˜¤í†¡, KBSë‰´ìŠ¤ì•± ë˜ëŠ” kbs1234@kbs.co.krë¡œ ì „í•´ì£¼ì„¸ìš”.",https://t.co/TrmCMMeEBl,"{'url': {'urls': [{'url': 'https://t.co/TrmCMMeEBl', 'expanded_url': 'https://www.youtube.com/user/newskbs', 'display_url': 'youtube.com/user/newskbs', 'indices': [0, 23]}]}, 'description': {'urls': []}}",False,453222,0,453222,104430,4643,Fri Jul 09 01:51:43 +0000 2010,1157,,,True,True,163929,56952,,False,False,False,FFCC4D,http://abs.twimg.com/images/themes/theme4/bg.gif,https://abs.twimg.com/images/themes/theme4/bg.gif,False,http://pbs.twimg.com/profile_images/1453520367708823558/pl6NA5vc_normal.jpg,https://pbs.twimg.com/profile_images/1453520367708823558/pl6NA5vc_normal.jpg,"{'palette': [{'rgb': {'red': 0, 'green': 24, 'blue': 156}, 'percentage': 84.0}, {'rgb': {'red': 252, 'green': 253, 'blue': 251}, 'percentage': 11.34}, {'rgb': {'red': 151, 'green': 159, 'blue': 211}, 'percentage': 2.45}, {'rgb': {'red': 74, 'green': 89, 'blue': 175}, 'percentage': 1.65}, {'rgb': {'red': 2, 'green': 22, 'blue': 163}, 'percentage': 0.46}]}",,,"{'mediaStats': {'r': {'missing': None}, 'ttl': -1}}",1B95E0,FFFFFF,95E8EC,3C3940,False,False,False,False,,,False,,,,,,,,,promotable_user,,,none,none,,,"{'highlightedLabel': {'r': {'ok': {}}, 'ttl': -1}}",False,KBS
172552337,172552337,KBS Drama,KBS_drama,Seoul,KBS ë“œë¼ë§ˆì˜ ê³µì‹ íŠ¸ìœ„í„°ì…ë‹ˆë‹¤.  KBS ë“œë¼ë§ˆ ë§ì´ ì‚¬ë‘í•´ì£¼ì„¸ìš”â™¥,https://t.co/qA7OzkGdXJ,"{'url': {'urls': [{'url': 'https://t.co/qA7OzkGdXJ', 'expanded_url': 'http://www.kbs.co.kr', 'display_url': 'kbs.co.kr', 'indices': [0, 23]}]}, 'description': {'urls': []}}",False,407659,0,407659,17059,826,Fri Jul 30 00:25:12 +0000 2010,32,,,False,True,16452,3118,,False,False,False,C0DEED,http://abs.twimg.com/images/themes/theme1/bg.png,https://abs.twimg.com/images/themes/theme1/bg.png,True,http://pbs.twimg.com/profile_images/1331166993811030016/fBXPW-jV_normal.jpg,https://pbs.twimg.com/profile_images/1331166993811030016/fBXPW-jV_normal.jpg,"{'palette': [{'rgb': {'red': 168, 'green': 15, 'blue': 100}, 'percentage': 80.47}, {'rgb': {'red': 252, 'green': 253, 'blue': 252}, 'percentage': 10.79}, {'rgb': {'red': 229, 'green': 143, 'blue': 155}, 'percentage': 7.42}, {'rgb': {'red': 231, 'green': 193, 'blue': 215}, 'percentage': 0.74}, {'rgb': {'red': 239, 'green': 155, 'blue': 160}, 'percentage': 0.43}]}",,,"{'mediaStats': {'r': {'missing': None}, 'ttl': -1}}",0084B4,FFFFFF,DDEEF6,333333,True,True,False,False,,,False,,,,,,,,,promotable_user,analytics,,none,none,,,"{'highlightedLabel': {'r': {'ok': {}}, 'ttl': -1}}",False,KBS
1014925944,1014925944,ã¨ã“ã¨ã‚“ã‚µãƒ³ã‚¬å¿œæ´éšŠ | KBSäº¬éƒ½,kbs_sanga,,ï¼ªãƒªãƒ¼ã‚°ãƒ»äº¬éƒ½ã‚µãƒ³ã‚¬F.C.ã‚’å…±ã«å¿œæ´ã™ã‚‹ä»²é–“ã¸!! KBSäº¬éƒ½ã‹ã‚‰ãƒãƒ¼ãƒ ã«é–¢ã™ã‚‹ãƒ‹ãƒ¥ãƒ¼ã‚¹ã€ã‚µãƒ³ã‚¬ã‚’å¿œæ´ã™ã‚‹ç•ªçµ„æƒ…å ±ã€æ‹…å½“è¨˜è€…ã‚„ã‚¢ãƒŠã‚¦ãƒ³ã‚µãƒ¼ã®å–æãƒ¡ãƒ¢ãªã©ã‚’ç™ºä¿¡ã—ã¾ã™ã€‚ã‚µãƒ³ã‚¬æƒ…å ±ã¯KBSäº¬éƒ½ãƒ†ãƒ¬ãƒ“ æ¯é€±æœ¨æ›œæ—¥ã‚ˆã‚‹9æ™‚ï½ã€Œäº¬ã‚¹ãƒã€ç­‰ã§ã‚ªãƒ³ã‚¨ã‚¢ä¸­ã€‚,https://t.co/LwlwjMYFie,"{'url': {'urls': [{'url': 'https://t.co/LwlwjMYFie', 'expanded_url': 'http://www.kbs-kyoto.co.jp/tv/sanga/', 'display_url': 'kbs-kyoto.co.jp/tv/sanga/', 'indices': [0, 23]}]}, 'description': {'urls': []}}",False,3330,0,3330,49,79,Sun Dec 16 10:43:03 +0000 2012,38,,,True,False,2212,577,,False,False,False,C0DEED,http://abs.twimg.com/images/themes/theme1/bg.png,https://abs.twimg.com/images/themes/theme1/bg.png,False,http://pbs.twimg.com/profile_images/378800000811138884/41be3d884784aaea7b955b4f479f1d4f_normal.jpeg,https://pbs.twimg.com/profile_images/378800000811138884/41be3d884784aaea7b955b4f479f1d4f_normal.jpeg,"{'palette': [{'rgb': {'red': 255, 'green': 255, 'blue': 255}, 'percentage': 90.43}, {'rgb': {'red': 172, 'green': 34, 'blue': 28}, 'percentage': 2.88}, {'rgb': {'red': 227, 'green': 162, 'blue': 156}, 'percentage': 2.0}, {'rgb': {'red': 57, 'green': 55, 'blue': 43}, 'percentage': 1.15}, {'rgb': {'red': 158, 'green': 76, 'blue': 69}, 'percentage': 1.04}]}",,,"{'mediaStats': {'r': {'missing': None}, 'ttl': -1}}",1DA1F2,C0DEED,DDEEF6,333333,True,False,True,False,,,True,,,,,,,,,none,,,none,none,,,"{'highlightedLabel': {'r': {'ok': {}}, 'ttl': -1}}",False,KBS
158284325,158284325,KBS í•œêµ­ë°©ì†¡,MyloveKBS,,ëŒ€í•œë¯¼êµ­ ëŒ€í‘œ ê³µì˜ë°©ì†¡ KBS ê³µì‹ íŠ¸ìœ„í„°,https://t.co/QZdiw0Ykps,"{'url': {'urls': [{'url': 'https://t.co/QZdiw0Ykps', 'expanded_url': 'http://twtkr.com/MyloveKBS', 'display_url': 'twtkr.com/MyloveKBS', 'indices': [0, 23]}]}, 'description': {'urls': []}}",False,1108017,0,1108017,57116,2105,Tue Jun 22 07:45:48 +0000 2010,100,,,True,True,53596,34525,,False,False,False,000000,http://abs.twimg.com/images/themes/theme4/bg.gif,https://abs.twimg.com/images/themes/theme4/bg.gif,False,http://pbs.twimg.com/profile_images/1424581721790373889/bWDac5h2_normal.png,https://pbs.twimg.com/profile_images/1424581721790373889/bWDac5h2_normal.png,"{'palette': [{'rgb': {'red': 255, 'green': 255, 'blue': 255}, 'percentage': 58.16}, {'rgb': {'red': 255, 'green': 194, 'blue': 206}, 'percentage': 19.26}, {'rgb': {'red': 255, 'green': 54, 'blue': 121}, 'percentage': 16.22}, {'rgb': {'red': 255, 'green': 128, 'blue': 166}, 'percentage': 6.81}]}",,,"{'mediaStats': {'r': {'missing': None}, 'ttl': -1}}",1B95E0,000000,000000,000000,False,False,False,False,,,True,,,,,,,,,promotable_user,media_studio,,none,regular,,,"{'highlightedLabel': {'r': {'ok': {}}, 'ttl': -1}}",False,KBS
134405138,134405138,é è—¤å¥ˆç¾(KBSäº¬éƒ½ã‚¢ãƒŠã‚¦ãƒ³ã‚µãƒ¼),luvcherrypie,KYOTO JAPAN,ï¼«ï¼¢ï¼³äº¬éƒ½ã‚¢ãƒŠã‚¦ãƒ³ã‚µãƒ¼ğŸ§¸ğŸ¤ TVï½¢KyobizXï½£ã€Œäº¬è¡—Diaryã€Radioï½¢å¦¹å°¾å’Œå¤«ã®ãƒ‘ãƒ©ãƒ€ã‚¤ã‚¹KYOTO ï½£ã€Œãƒã‚­ãƒã‚­é è—¤Namiä¹—ã‚Šã‚¸ãƒ§ãƒ‹ãƒ¼ã€ï½¢é è—¤å¥ˆç¾ã®é€±åˆŠã‚·ãƒãƒMAX https://t.co/PwtXi0K9Bj,https://t.co/srWNPauSsy,"{'url': {'urls': [{'url': 'https://t.co/srWNPauSsy', 'expanded_url': 'http://www.kbs-kyoto.co.jp/announcer/profile/endo.htm', 'display_url': 'kbs-kyoto.co.jp/announcer/profâ€¦', 'indices': [0, 23]}]}, 'description': {'urls': [{'url': 'https://t.co/PwtXi0K9Bj', 'expanded_url': 'https://instagram.com/nami_endo73?utm_medium=copy_linkED', 'display_url': 'instagram.com/nami_endo73?utâ€¦', 'indices': [90, 113]}]}}",False,17415,0,17415,300,122,Sun Apr 18 09:34:29 +0000 2010,1387,,,False,False,5529,1943,,False,False,False,FF6699,http://abs.twimg.com/images/themes/theme1/bg.png,https://abs.twimg.com/images/themes/theme1/bg.png,True,http://pbs.twimg.com/profile_images/948255020914327552/1fMguo9N_normal.jpg,https://pbs.twimg.com/profile_images/948255020914327552/1fMguo9N_normal.jpg,"{'palette': [{'rgb': {'red': 184, 'green': 188, 'blue': 200}, 'percentage': 51.37}, {'rgb': {'red': 135, 'green': 129, 'blue': 134}, 'percentage': 21.97}, {'rgb': {'red': 229, 'green': 169, 'blue': 158}, 'percentage': 14.95}, {'rgb': {'red': 89, 'green': 52, 'blue': 48}, 'percentage': 10.49}, {'rgb': {'red': 219, 'green': 174, 'blue': 167}, 'percentage': 1.15}]}",,,"{'mediaStats': {'r': {'missing': None}, 'ttl': -1}}",B40B43,CC3366,E5507E,362720,True,True,False,False,,,False,,,,,,,,,none,,,none,none,,,"{'highlightedLabel': {'r': {'ok': {}}, 'ttl': -1}}",False,KBS
1111124139283107840,1111124139283107840,ã‚­ãƒ¢ã‚¤ãƒªï¼ï½œKBSäº¬éƒ½ãƒ†ãƒ¬ãƒ“,kbs_kimoiri,äº¬éƒ½ äº¬éƒ½å¸‚ ä¸Šäº¬åŒº,ã€KBSäº¬éƒ½ãƒ†ãƒ¬ãƒ“ã€‘æ¯é€±åœŸæ›œæ—¥ 10:30ï½11:55 ã‚ªãƒ³ã‚¨ã‚¢ã€‚ã‚­ãƒ¢ã‚¤ãƒªã®é€±æœ«ãŠå‡ºã‹ã‘æƒ…å ±æº€è¼‰ï¼ç”Ÿæ”¾é€ã®ãƒ¡ãƒªãƒƒãƒˆã‚’æœ€å¤§é™ã«æ´»ã‹ã—ã€ã‚¹ã‚¿ã‚¸ã‚ªã§ã®ã‚³ãƒ¼ãƒŠãƒ¼å±•é–‹ã‚„ã€äº¬éƒ½ãƒ»æ»‹è³€ãƒ»å¤§é˜ªãªã©ã®ãŠå‡ºã‹ã‘ã‚¹ãƒãƒƒãƒˆã‹ã‚‰ã®ä¸­ç¶™ãƒªãƒãƒ¼ãƒˆã‚’ãƒ¡ã‚¤ãƒ³ã«ã€ã‚ãã‚ãæƒ…å ±ã‚’è‡¨å ´æ„ŸãŸã£ã·ã‚Šã«ãŠå±Šã‘ã™ã‚‹ç•ªçµ„ã§ã™ã€‚,,{'description': {'urls': []}},False,781,0,781,95,13,Thu Mar 28 04:33:33 +0000 2019,566,,,True,False,1073,479,,False,False,False,F5F8FA,,,False,http://pbs.twimg.com/profile_images/1114328599916474368/gWYdyOyR_normal.png,https://pbs.twimg.com/profile_images/1114328599916474368/gWYdyOyR_normal.png,"{'palette': [{'rgb': {'red': 228, 'green': 226, 'blue': 223}, 'percentage': 65.42}, {'rgb': {'red': 186, 'green': 130, 'blue': 65}, 'percentage': 10.52}, {'rgb': {'red': 112, 'green': 102, 'blue': 88}, 'percentage': 4.27}, {'rgb': {'red': 230, 'green': 218, 'blue': 147}, 'percentage': 2.23}, {'rgb': {'red': 214, 'green': 214, 'blue': 37}, 'percentage': 2.14}]}",,,"{'mediaStats': {'r': {'missing': None}, 'ttl': -1}}",1DA1F2,C0DEED,DDEEF6,333333,True,True,True,False,,,True,,,,,,,,,promotable_user,analytics,,none,none,,,"{'highlightedLabel': {'r': {'ok': {}}, 'ttl': -1}}",False,KBS
318380224,318380224,í™ì‚¬í›ˆ,aristo844,Korea,KBS ê¸°ì. ì„¸ìƒì„ ë°”ê¾¸ê³  ì‹¶ì€ 1ì¸.  ì«„ì§€ë§ˆ!,http://t.co/kc2SNKZD9s,"{'url': {'urls': [{'url': 'http://t.co/kc2SNKZD9s', 'expanded_url': 'http://blog.naver.com/aristo84/140169534097', 'display_url': 'blog.naver.com/aristo84/14016â€¦', 'indices': [0, 22]}]}, 'description': {'urls': []}}",False,282,0,282,165,3,Thu Jun 16 11:56:28 +0000 2011,7,,,True,False,534,27,,False,False,False,C0DEED,http://abs.twimg.com/images/themes/theme1/bg.png,https://abs.twimg.com/images/themes/theme1/bg.png,False,http://pbs.twimg.com/profile_images/378800000377136256/f53ee62eacd822f6e5307c753ca35d9a_normal.jpeg,https://pbs.twimg.com/profile_images/378800000377136256/f53ee62eacd822f6e5307c753ca35d9a_normal.jpeg,,,,"{'mediaStats': {'r': {'missing': None}, 'ttl': -1}}",1DA1F2,C0DEED,DDEEF6,333333,True,False,True,False,,,False,,,,,,,,,none,,,none,none,,,"{'highlightedLabel': {'r': {'ok': {}}, 'ttl': -1}}",False,í™ì‚¬í›ˆ
702985183,702985183,ìµœì¤€í˜ [í•´ìš´ëŒ€ì—°ì¸ë“¤],couple_junhyuk,,[2012.07.19] KBS ì›”í™”ë“œë¼ë§ˆ í•´ìš´ëŒ€ ì—°ì¸ë“¤ ìµœì¤€í˜(ì •ì„ì› ë¶„) íŒ¨ê³„ /ì‹¤ì œ ì •ì„ì›ë‹˜ í—ˆë½ ë°›ìŒ/30ëŒ€/í™©ì£¼í¬ì˜ ì§ì‚¬ë‘ë‚¨ / ê¸°ì–µì„ ìƒì€ ê²€ì‚¬ì™€ ì¡°í­ì˜ ë”¸ì˜ ë¡œë§¨í‹± ì½”ë¯¸ë””/ë§íŒ”ì€ ë´‡ íŒ¨ê³„ë§Œ í•©ë‹ˆë‹¤/ì¤‘ë³µ X/â˜†ëŒ€ì‚¬ì—…ëƒì€ ë³„ê¸€â˜†,,{'description': {'urls': []}},False,65,0,65,25,0,Wed Jul 18 12:38:12 +0000 2012,16,,,False,False,375,0,,False,False,False,C0DEED,http://abs.twimg.com/images/themes/theme1/bg.png,https://abs.twimg.com/images/themes/theme1/bg.png,False,http://pbs.twimg.com/profile_images/2506620932/cTs0yyr6_normal,https://pbs.twimg.com/profile_images/2506620932/cTs0yyr6_normal,,,,,1DA1F2,C0DEED,DDEEF6,333333,True,False,True,False,,,False,,,,,,,,,none,,,none,none,,,"{'highlightedLabel': {'r': {'ok': {}}, 'ttl': -1}}",False,ìµœì¤€í˜
161225422,161225422,ì§€í˜•ì² ,ican0420,Seoul Korea,"KBSì— ê³ ìš©ë˜ì–´ ë³´ë„ë³¸ë¶€ ì‚¬íšŒë¶€ì— ì ì„ ë‘ê³  ê¸°ìë…¸ë™ì„ í•˜ê³  ìˆìŒ. ë§›ìˆëŠ” ê²ƒ, ìš´ë™, ìˆ , TV, ì˜í™”, ê³¼ì¼ì— íŒŒë¬»í˜€ì„œ ì‚¬ëŠ” ê²ƒì´ ê¿ˆ. ì„¸ìƒ ëª¨ë“  ê²ƒì— ê´€ì‹¬ì´ ë§ìŒ.",,{'description': {'urls': []}},False,511,0,511,82,19,Wed Jun 30 08:51:29 +0000 2010,3,,,False,False,449,16,,False,False,False,8B542B,http://abs.twimg.com/images/themes/theme8/bg.gif,https://abs.twimg.com/images/themes/theme8/bg.gif,False,http://pbs.twimg.com/profile_images/1038479086/___-DSC_0992_normal.jpg,https://pbs.twimg.com/profile_images/1038479086/___-DSC_0992_normal.jpg,,,,"{'mediaStats': {'r': {'missing': None}, 'ttl': -1}}",9D582E,D9B17E,EADEAA,333333,True,False,False,False,,,False,,,,,,,,,none,,,none,none,,,"{'highlightedLabel': {'r': {'ok': {}}, 'ttl': -1}}",False,ì§€í˜•ì² 
171452081,171452081,ì§€ì¢…ìµ,jijongik,,KBSæ±äº¬ç‰¹æ´¾å“¡,,{'description': {'urls': []}},False,276,0,276,305,2,Tue Jul 27 11:17:48 +0000 2010,23,,,False,False,93,24,,False,False,False,022330,http://abs.twimg.com/images/themes/theme15/bg.png,https://abs.twimg.com/images/themes/theme15/bg.png,False,http://pbs.twimg.com/profile_images/1388883655850795013/vrEn122D_normal.jpg,https://pbs.twimg.com/profile_images/1388883655850795013/vrEn122D_normal.jpg,"{'palette': [{'rgb': {'red': 192, 'green': 201, 'blue': 207}, 'percentage': 31.93}, {'rgb': {'red': 33, 'green': 34, 'blue': 38}, 'percentage': 27.62}, {'rgb': {'red': 131, 'green': 104, 'blue': 91}, 'percentage': 15.11}, {'rgb': {'red': 107, 'green': 116, 'blue': 124}, 'percentage': 15.08}, {'rgb': {'red': 238, 'green': 203, 'blue': 175}, 'percentage': 5.6}]}",,,"{'mediaStats': {'r': {'missing': None}, 'ttl': -1}}",0084B4,A8C7F7,C0DFEC,333333,True,False,False,False,,,False,,,,,,,,,none,,,none,none,,,"{'highlightedLabel': {'r': {'ok': {}}, 'ttl': -1}}",False,ì§€ì¢…ìµ
91239940,91239940,ì„ì¬ì„±,limgija,,"KBS ì„ì¬ì„±ê¸°ìì…ë‹ˆë‹¤.
ì‚¬ëŒê³¼ ì‚¬ëŒ...
ì†Œì¤‘í•œ 'ì†Œí†µ' ì„ ê¿ˆê¿‰ë‹ˆë‹¤!! 
ë§ì€ ì œë³´ ê°ì‚¬í•©ë‹ˆë‹¤",,{'description': {'urls': []}},False,409,0,409,55,41,Fri Nov 20 01:25:06 +0000 2009,14,,,False,False,183,21,,False,False,False,B8746A,http://abs.twimg.com/images/themes/theme1/bg.png,https://abs.twimg.com/images/themes/theme1/bg.png,True,http://pbs.twimg.com/profile_images/1207120867215339520/xw1zzHTC_normal.jpg,https://pbs.twimg.com/profile_images/1207120867215339520/xw1zzHTC_normal.jpg,"{'palette': [{'rgb': {'red': 93, 'green': 95, 'blue': 74}, 'percentage': 55.88}, {'rgb': {'red': 253, 'green': 254, 'blue': 240}, 'percentage': 32.45}, {'rgb': {'red': 91, 'green': 105, 'blue': 104}, 'percentage': 5.88}, {'rgb': {'red': 42, 'green': 43, 'blue': 29}, 'percentage': 2.37}, {'rgb': {'red': 169, 'green': 175, 'blue': 189}, 'percentage': 0.95}]}",,,"{'mediaStats': {'r': {'missing': None}, 'ttl': -1}}",AD971C,D9B889,A1404E,282E49,True,False,False,False,,,False,,,,,,,,,none,,,none,none,,,"{'highlightedLabel': {'r': {'ok': {}}, 'ttl': -1}}",False,ì„ì¬ì„±
48273844,48273844,ì„ì„¸í ,21hm,,KBS ê¸°ì,,{'description': {'urls': []}},False,20,0,20,3,0,Thu Jun 18 06:53:39 +0000 2009,0,,,False,False,26,4,,False,False,False,C0DEED,http://abs.twimg.com/images/themes/theme1/bg.png,https://abs.twimg.com/images/themes/theme1/bg.png,False,http://pbs.twimg.com/profile_images/1248039730/1jq5WWx4_normal,https://pbs.twimg.com/profile_images/1248039730/1jq5WWx4_normal,,,,,1DA1F2,C0DEED,DDEEF6,333333,True,False,True,False,,,False,,,,,,,,,none,,,none,none,,,"{'highlightedLabel': {'r': {'ok': {}}, 'ttl': -1}}",False,ì„ì„¸í 
122894239,122894239,ì´ì¶©í—Œ,choongheon,"Seoul, Korea","KBS ì˜í•™ì „ë¬¸ê¸°ì, 
ì •ì‹ ê³¼ ì˜ì‚¬. 
ë”´ ì‚¬ëŒì˜ ì„±ê²©ê³¼ ì‹¬ë¦¬, ê°ì •ì„
ìœ ì‹¬íˆ ì‚´í•Œ. ìŒì£¼, ê±·ê¸°, 
ìŒì•…ì„ ì¢‹ì•„í•¨. 
Korean medical journalist of 
the leading TV network.",http://t.co/TLSwGadRsO,"{'url': {'urls': [{'url': 'http://t.co/TLSwGadRsO', 'expanded_url': 'http://www.kbs.co.kr/radio/1radio/hplus/notice/index.html', 'display_url': 'kbs.co.kr/radio/1radio/hâ€¦', 'indices': [0, 22]}]}, 'description': {'urls': []}}",False,2017,0,2017,686,172,Sun Mar 14 07:49:37 +0000 2010,1,,,False,False,1228,208,,False,False,False,FFFFFF,http://abs.twimg.com/images/themes/theme12/bg.gif,https://abs.twimg.com/images/themes/theme12/bg.gif,False,http://pbs.twimg.com/profile_images/1182167434/____normal.jpg,https://pbs.twimg.com/profile_images/1182167434/____normal.jpg,,,,"{'mediaStats': {'r': {'missing': None}, 'ttl': -1}}",5F9AAB,000000,142734,B6AFAF,True,False,False,False,,,False,,,,,,,,,none,,,none,none,,,"{'highlightedLabel': {'r': {'ok': {}}, 'ttl': -1}}",False,ì´ì¶©í—Œ
111485686,111485686,ì´ì² í˜¸,manjeok,ë‚¨í•œ,"KBSê¸°ì - ë¹„í‹€ì¦ˆ, í´ë¼íˆ¬ ë“± ì „ë‘í™˜ ì§‘ê¶Œ ì´ì „ ì‹œì ˆì˜ ìŒì•…ì„ ì¦ê²¨ ë“¤ìœ¼ë©° í—¤ì„¸ì™€ í•œìš©ìš´, í—ˆìˆ˜ê²½ ë“±ì˜ ì‹œë¥¼ ì• ì†¡í•˜ë©° ê³ ë ¤ ì‹œëŒ€ ì‚¬ë…¸ë¹„ ë§Œì ê³¼ ì¡´ ë ˆë…¼ì„ ì¡´ê²½í•˜ë©° ì¢Œì ˆëœ ë°˜ë¯¼íŠ¹ìœ„ë¥¼ ê°€ì¥ ì•„ì‰¬ì›Œ í•©ë‹ˆë‹¤.",,{'description': {'urls': []}},False,3358,0,3358,708,146,Fri Feb 05 02:55:00 +0000 2010,105,,,True,False,6539,282,,False,False,False,1BDB21,http://abs.twimg.com/images/themes/theme1/bg.png,https://abs.twimg.com/images/themes/theme1/bg.png,True,http://pbs.twimg.com/profile_images/973864555/_____normal.jpg,https://pbs.twimg.com/profile_images/973864555/_____normal.jpg,,,,"{'mediaStats': {'r': {'missing': None}, 'ttl': -1}}",DB6934,0CCAD4,19E337,0D050D,True,False,False,False,,,False,,,,,,,,,none,,,none,none,,,"{'highlightedLabel': {'r': {'ok': {}}, 'ttl': -1}}",False,ì´ì² í˜¸
137242128,137242128,KBS ì´ì •ë¯¼ ì•„ë‚˜ìš´ì„œ,jungminann,seoul.Korea,,,{'description': {'urls': []}},False,29413,0,29413,206,583,Mon Apr 26 06:22:05 +0000 2010,71,,,True,False,3316,270,,False,False,False,FFF04D,http://abs.twimg.com/images/themes/theme1/bg.png,https://abs.twimg.com/images/themes/theme1/bg.png,False,http://pbs.twimg.com/profile_images/1038232965589790720/4zxJWwFy_normal.jpg,https://pbs.twimg.com/profile_images/1038232965589790720/4zxJWwFy_normal.jpg,"{'palette': [{'rgb': {'red': 223, 'green': 234, 'blue': 234}, 'percentage': 76.83}, {'rgb': {'red': 63, 'green': 44, 'blue': 58}, 'percentage': 13.13}, {'rgb': {'red': 166, 'green': 125, 'blue': 131}, 'percentage': 5.71}, {'rgb': {'red': 206, 'green': 176, 'blue': 142}, 'percentage': 1.04}, {'rgb': {'red': 113, 'green': 66, 'blue': 75}, 'percentage': 0.56}]}",,,"{'mediaStats': {'r': {'missing': None}, 'ttl': -1}}",0099CC,F0EAB8,F6FFD1,333333,True,False,False,False,,,False,,,,,,,,,none,,,none,none,,,"{'highlightedLabel': {'r': {'ok': {}}, 'ttl': -1}}",False,ì´ì •ë¯¼
201787995,201787995,â˜…KBS ì´ì¬ë¯¼â˜…,Waterstarss_Min,Korea South /Seoul,"My Name is Yi Jae Min(ì´ì¬ë¯¼)..^^
â™¥ì €ëŠ” KBSì—ì„œ ê°œì—…í•˜ê³  ëŒ„ì„œ ì˜¤ì „..â™¥ 
1993.11.3/Dancer/Artist/ (LOEN Entertainment)
http://t.co/TySjscDa",http://t.co/wFpv1ZI9nV,"{'url': {'urls': [{'url': 'http://t.co/wFpv1ZI9nV', 'expanded_url': 'http://koreantweeters.com/waterstars_Min', 'display_url': 'koreantweeters.com/waterstars_Min', 'indices': [0, 22]}]}, 'description': {'urls': [{'url': 'http://t.co/TySjscDa', 'expanded_url': 'http://me2day.net/gf-yjmin', 'display_url': 'me2day.net/gf-yjmin', 'indices': [105, 125]}]}}",False,439,0,439,1574,5,Tue Oct 12 16:35:02 +0000 2010,656,,,True,False,1173,237,,False,False,False,C0DEED,http://abs.twimg.com/images/themes/theme1/bg.png,https://abs.twimg.com/images/themes/theme1/bg.png,False,http://pbs.twimg.com/profile_images/1897966963/soyuo59oiqa_normal.jpg,https://pbs.twimg.com/profile_images/1897966963/soyuo59oiqa_normal.jpg,,,,"{'mediaStats': {'r': {'missing': None}, 'ttl': -1}}",12B345,FFFFFF,DDEEF6,333333,True,False,False,False,,,False,,,,,,,,,none,,,none,none,,,"{'highlightedLabel': {'r': {'ok': {}}, 'ttl': -1}}",False,ì´ì¬ë¯¼
136084313,136084313,ì˜¤ìˆ˜ì§„ KBS ê¸°ìƒìºìŠ¤í„°,othooooo,South Korea,KBS ê¸°ìƒìºìŠ¤í„° (Weather Caster) ë‰´ìŠ¤ê´‘ì¥ ê¸°ìƒìºìŠ¤í„° ì‹ ë‚˜ê²Œ ì‚´ê±°ì—ìš§! ï¼¼( Ëš â–½ Ëš ) /,http://t.co/ImcknBl9Uj,"{'url': {'urls': [{'url': 'http://t.co/ImcknBl9Uj', 'expanded_url': 'http://blog.naver.com/pureagatha', 'display_url': 'blog.naver.com/pureagatha', 'indices': [0, 22]}]}, 'description': {'urls': []}}",False,28172,0,28172,299,676,Fri Apr 23 00:27:23 +0000 2010,372,,,True,False,7484,386,,False,False,False,DBE9ED,http://abs.twimg.com/images/themes/theme17/bg.gif,https://abs.twimg.com/images/themes/theme17/bg.gif,False,http://pbs.twimg.com/profile_images/525060840953614336/E5-NYfZ8_normal.jpeg,https://pbs.twimg.com/profile_images/525060840953614336/E5-NYfZ8_normal.jpeg,"{'palette': [{'rgb': {'red': 213, 'green': 216, 'blue': 196}, 'percentage': 47.5}, {'rgb': {'red': 25, 'green': 19, 'blue': 19}, 'percentage': 25.23}, {'rgb': {'red': 218, 'green': 210, 'blue': 168}, 'percentage': 9.05}, {'rgb': {'red': 110, 'green': 78, 'blue': 53}, 'percentage': 5.13}, {'rgb': {'red': 35, 'green': 43, 'blue': 53}, 'percentage': 1.31}]}",,,"{'mediaStats': {'r': {'missing': None}, 'ttl': -1}}",CC3366,DBE9ED,E6F6F9,333333,True,False,False,False,,,False,,,,,,,,,promotable_user,,,none,none,,,"{'highlightedLabel': {'r': {'ok': {}}, 'ttl': -1}}",False,ì˜¤ìˆ˜ì§„
179543728,179543728,ì—„ê¸°ìˆ™,herpencil,"seoul, Korea","KBS ì—„ê¸°ìˆ™ ê¸°ìì…ë‹ˆë‹¤.
ë°¥ê°’!! ì œëŒ€ë¡œ í•˜ë©° ì‚´ì•„ê°€ë ¤ ì•„ë‘¥ë°”ë‘¥,
í—ˆë‚˜ ì¦ê²ê²Œ ì‚´ì•„ê°‘ë‹ˆë‹¤.",,{'description': {'urls': []}},False,115,0,115,64,3,Tue Aug 17 15:11:29 +0000 2010,1,,,False,False,67,0,,False,False,False,352726,http://abs.twimg.com/images/themes/theme5/bg.gif,https://abs.twimg.com/images/themes/theme5/bg.gif,False,http://pbs.twimg.com/profile_images/1199944947/IMG_8604_normal.jpg,https://pbs.twimg.com/profile_images/1199944947/IMG_8604_normal.jpg,,,,"{'mediaStats': {'r': {'missing': None}, 'ttl': -1}}",D02B55,829D5E,99CC33,3E4415,True,False,False,False,,,False,,,,,,,,,none,,,none,none,,,"{'highlightedLabel': {'r': {'ok': {}}, 'ttl': -1}}",False,ì—„ê¸°ìˆ™
167329442,167329442,ì•ˆì–‘ë´‰,typoon22,seoul korea/KBS,KBSê¸°ì,,{'description': {'urls': []}},False,81,0,81,39,12,Fri Jul 16 08:58:37 +0000 2010,4,,,True,False,61,4,,False,False,False,C0DEED,http://abs.twimg.com/images/themes/theme1/bg.png,https://abs.twimg.com/images/themes/theme1/bg.png,False,http://pbs.twimg.com/profile_images/1226169955/hABud2Qv_normal,https://pbs.twimg.com/profile_images/1226169955/hABud2Qv_normal,,,,,1DA1F2,C0DEED,DDEEF6,333333,True,False,True,False,,,False,,,,,,,,,none,,,none,none,,,"{'highlightedLabel': {'r': {'ok': {}}, 'ttl': -1}}",False,ì•ˆì–‘ë´‰
487623240,487623240,ì‹ ì§€í˜œ ì‹œì¸,shinjihyepoet,ë‰´ìš•,"ì‹œì¸.í˜„ëŒ€ì‹œí•™ë“±ë‹¨.ì¬ì™¸ë™í¬ë¬¸í•™ìƒ,ë¯¸ì£¼ë™í¬ë¬¸í•™ìƒ,ë¯¸ì£¼ì‹œì¸ë¬¸í•™ìƒìˆ˜ìƒ.ë‰´ìš•ì¤‘ì•™ì¼ë³´,ë¯¸ì£¼ì¤‘ì•™ì¼ë³´,ë³´ìŠ¤í†¤ì½”ë¦¬ì•„,ë‰´ìš•ì¼ë³´ì— ì¢‹ì€ì‹œ ê³ ì •ì¹¼ëŸ¼ì—°ì¬,KBS WOrld TV.ìë‘ìŠ¤ëŸ°ë™í¬.ì´ˆëŒ€ìƒë°©ì†¡.ì„¸ê³„ê³„ê´€ì‹œì¸í˜‘íšŒ,ë¯¸êµ­ì‹œì¸í˜‘íšŒ.ì‹œì§‘ [ë°‘ì¤„] 2007ë…„í•œêµ­ë¬¸í™”ì˜ˆìˆ ìœ„ì›íšŒ ìš°ìˆ˜ë¬¸í•™ë„ì„œ ì„ ì •.í˜„ ë‰´ìš•ê±°ì£¼..",http://t.co/4zJu8PH8Vw,"{'url': {'urls': [{'url': 'http://t.co/4zJu8PH8Vw', 'expanded_url': 'http://www.goodpoem.net', 'display_url': 'goodpoem.net', 'indices': [0, 22]}]}, 'description': {'urls': []}}",False,114,0,114,197,1,Thu Feb 09 15:25:29 +0000 2012,0,,,False,False,0,0,,False,False,False,ACDED6,http://abs.twimg.com/images/themes/theme18/bg.gif,https://abs.twimg.com/images/themes/theme18/bg.gif,True,http://pbs.twimg.com/profile_images/1815399897/jihyes2_normal.jpg,https://pbs.twimg.com/profile_images/1815399897/jihyes2_normal.jpg,,,,"{'mediaStats': {'r': {'missing': None}, 'ttl': -1}}",B42C5A,EEEEEE,F6F6F6,333333,True,False,False,False,,,False,,,,,,,,,none,,,none,none,,,"{'highlightedLabel': {'r': {'ok': {}}, 'ttl': -1}}",False,ì‹ ì§€í˜œ
147401710,147401710,ì‹ ë°©ì‹¤,nirvana8174," ì„œìš¸, ëŒ€í•œë¯¼êµ­",KBS science reporter,,{'description': {'urls': []}},False,1034,0,1034,108,30,Mon May 24 01:53:30 +0000 2010,16,,,True,False,3187,279,,False,False,False,000105,http://abs.twimg.com/images/themes/theme9/bg.gif,https://abs.twimg.com/images/themes/theme9/bg.gif,False,http://pbs.twimg.com/profile_images/2818576715/9fae457a455349f50a47781673ebbd64_normal.jpeg,https://pbs.twimg.com/profile_images/2818576715/9fae457a455349f50a47781673ebbd64_normal.jpeg,,,,"{'mediaStats': {'r': {'missing': None}, 'ttl': -1}}",2FC2EF,181A1E,252429,666666,True,False,False,False,,,False,,,,,,,,,none,,,none,none,,,"{'highlightedLabel': {'r': {'ok': {}}, 'ttl': -1}}",False,ì‹ ë°©ì‹¤
172162844,172162844,ì†ì›í˜(wh_son),blank002,ê²½ë‚¨ ì°½ì› ë˜ëŠ” ìš¸ì‚°,KBSì°½ì› /ì²­ë…„ê¸°ì /ë³´ë¼ /ë…¸ê³ ì§€ë¦¬ /ê¹€ìˆ˜ì˜ /ê´‘ì¥ /í™˜ê²½ /ì£¼ì„±ì¹˜ /ëŸ‰ì°¨ì˜¤ì›¨ì´ /Soulmate,,{'description': {'urls': []}},False,242,0,242,0,26,Thu Jul 29 01:45:53 +0000 2010,3,,,False,False,351,19,,False,False,False,C0DEED,http://abs.twimg.com/images/themes/theme1/bg.png,https://abs.twimg.com/images/themes/theme1/bg.png,False,http://pbs.twimg.com/profile_images/1157918922/__normal.jpg,https://pbs.twimg.com/profile_images/1157918922/__normal.jpg,,,,"{'mediaStats': {'r': {'missing': None}, 'ttl': -1}}",1DA1F2,C0DEED,DDEEF6,333333,True,False,True,False,,,False,,,,,,,,,none,,,none,none,,,"{'highlightedLabel': {'r': {'ok': {}}, 'ttl': -1}}",False,ì†ì›í˜
168582746,168582746,ì†ê¸°ì„±,soccerkbs,ì¶•êµ¬ê°€ ê°€ëŠ” ê³³ì€ ì–´ë””ë“ ...,ì¶•êµ¬ì•¼? ë†€ì~,,{'description': {'urls': []}},False,204,0,204,0,11,Tue Jul 20 08:22:52 +0000 2010,13,,,False,False,274,39,,False,False,False,C0DEED,http://abs.twimg.com/images/themes/theme1/bg.png,https://abs.twimg.com/images/themes/theme1/bg.png,False,http://pbs.twimg.com/profile_images/378800000852412223/fe7c134d38d90ca027725a0925409368_normal.jpeg,https://pbs.twimg.com/profile_images/378800000852412223/fe7c134d38d90ca027725a0925409368_normal.jpeg,,,,"{'mediaStats': {'r': {'missing': None}, 'ttl': -1}}",1DA1F2,C0DEED,DDEEF6,333333,True,False,True,False,,,False,,,,,,,,,none,,,none,none,,,"{'highlightedLabel': {'r': {'ok': {}}, 'ttl': -1}}",False,ì†ê¸°ì„±
368196640,368196640,ì„œë³‘ë¦½,journalistBR,,KBS ë°©ì†¡ì €ë„ë¦¬ìŠ¤íŠ¸ ì…ë‹ˆë‹¤,,{'description': {'urls': []}},False,17,0,17,87,0,Mon Sep 05 07:27:26 +0000 2011,2,,,False,False,15,0,,False,False,False,C0DEED,http://abs.twimg.com/images/themes/theme1/bg.png,https://abs.twimg.com/images/themes/theme1/bg.png,False,http://pbs.twimg.com/profile_images/1573883154/JfEbe7S1_normal,https://pbs.twimg.com/profile_images/1573883154/JfEbe7S1_normal,,,,,1DA1F2,C0DEED,DDEEF6,333333,True,False,True,False,,,False,,,,,,,,,none,,,none,none,,,"{'highlightedLabel': {'r': {'ok': {}}, 'ttl': -1}}",False,ì„œë³‘ë¦½
1270195331204956160,1270195331204956160,ë°•í¬ë´‰,HeebongP,ëŒ€í•œë¯¼êµ­ ì–‘ì²œêµ¬,#KBS #ë³´ë„ë³¸ë¶€ #ê¸°ì #ì–¸ë¡ í•™ #ì—°êµ¬ì,https://t.co/vBpU5AovGk,"{'url': {'urls': [{'url': 'https://t.co/vBpU5AovGk', 'expanded_url': 'https://media.naver.com/journalist/056/18214', 'display_url': 'media.naver.com/journalist/056â€¦', 'indices': [0, 23]}]}, 'description': {'urls': []}}",False,4,0,4,30,0,Tue Jun 09 03:25:53 +0000 2020,0,,,True,False,6,3,,False,False,False,F5F8FA,,,False,http://pbs.twimg.com/profile_images/1297873534857777156/RDPdHJLE_normal.jpg,https://pbs.twimg.com/profile_images/1297873534857777156/RDPdHJLE_normal.jpg,"{'palette': [{'rgb': {'red': 207, 'green': 215, 'blue': 233}, 'percentage': 54.08}, {'rgb': {'red': 64, 'green': 73, 'blue': 70}, 'percentage': 25.42}, {'rgb': {'red': 199, 'green': 149, 'blue': 126}, 'percentage': 3.49}, {'rgb': {'red': 70, 'green': 87, 'blue': 74}, 'percentage': 2.93}, {'rgb': {'red': 117, 'green': 84, 'blue': 68}, 'percentage': 2.19}]}",,,"{'mediaStats': {'r': {'missing': None}, 'ttl': -1}}",1DA1F2,C0DEED,DDEEF6,333333,True,False,True,False,,,False,,,,,,,,,none,,,none,none,,,"{'highlightedLabel': {'r': {'ok': {}}, 'ttl': -1}}",False,ë°•í¬ë´‰
169304955,169304955,ë°•ì°¬ê·œ,KBSNewsCamera,,KBSì—ì„œ ì´¬ì˜ê¸°ìë¡œ ê·¼ë¬´í–ˆì—ˆìŠµë‹ˆë‹¤. ã…‹ã…‹ã…‹,,{'description': {'urls': []}},True,261,0,261,51,1,Thu Jul 22 01:16:27 +0000 2010,2,,,True,False,239,34,,False,False,False,C0DEED,http://abs.twimg.com/images/themes/theme1/bg.png,https://abs.twimg.com/images/themes/theme1/bg.png,False,http://pbs.twimg.com/profile_images/1302020053/L881IslE_normal,https://pbs.twimg.com/profile_images/1302020053/L881IslE_normal,,,,,1DA1F2,C0DEED,DDEEF6,333333,True,False,True,False,,,False,,,,,,,,,none,,,none,none,,,"{'highlightedLabel': {'r': {'ok': {}}, 'ttl': -1}}",False,ë°•ì°¬
183169173,183169173,ë°•ì¬ìš°,marineboy87,ì°½ì›,KBSì°½ì› ê¸°ì/,,{'description': {'urls': []}},False,37,0,37,26,5,Thu Aug 26 09:27:00 +0000 2010,0,,,False,False,6,0,,False,False,False,C0DEED,http://abs.twimg.com/images/themes/theme1/bg.png,https://abs.twimg.com/images/themes/theme1/bg.png,False,http://pbs.twimg.com/profile_images/1111131093/park_normal.jpg,https://pbs.twimg.com/profile_images/1111131093/park_normal.jpg,,,,"{'mediaStats': {'r': {'missing': None}, 'ttl': -1}}",1DA1F2,C0DEED,DDEEF6,333333,True,False,True,False,,,False,,,,,,,,,none,,,none,none,,,"{'highlightedLabel': {'r': {'ok': {}}, 'ttl': -1}}",False,ë°•ì¬ìš°
172636421,172636421,ë°•ì„ ìš°,tourdefrance81,ì—¬ì˜ë„,KBS ìŠ¤í¬ì¸ ì·¨ì¬ë¶€.ì§€íš¨ì˜ˆì•„ë¹ .,,{'description': {'urls': []}},False,918,0,918,344,35,Fri Jul 30 05:41:34 +0000 2010,20,,,False,False,4188,52,,False,False,False,C0DEED,http://abs.twimg.com/images/themes/theme1/bg.png,https://abs.twimg.com/images/themes/theme1/bg.png,False,http://pbs.twimg.com/profile_images/1104829148/DSCN1450_normal.JPG,https://pbs.twimg.com/profile_images/1104829148/DSCN1450_normal.JPG,"{'palette': [{'rgb': {'red': 126, 'green': 123, 'blue': 132}, 'percentage': 44.24}, {'rgb': {'red': 64, 'green': 57, 'blue': 62}, 'percentage': 39.51}, {'rgb': {'red': 207, 'green': 205, 'blue': 217}, 'percentage': 5.58}, {'rgb': {'red': 167, 'green': 174, 'blue': 140}, 'percentage': 3.47}, {'rgb': {'red': 87, 'green': 51, 'blue': 44}, 'percentage': 2.02}]}",,,"{'mediaStats': {'r': {'missing': None}, 'ttl': -1}}",1DA1F2,C0DEED,DDEEF6,333333,True,False,True,False,,,False,,,,,,,,,none,,,none,none,,,"{'highlightedLabel': {'r': {'ok': {}}, 'ttl': -1}}",False,ë°•ì„ ìš°
124970641,124970641,ë°•ëŒ€ê¸°,waitingpark,ì„œìš¸,ë¨¸ë¨¸ë¦¬ ê¸°ì. ë‰´ìŠ¤íŒ¡ì¸. ì œë³´ëŠ” waiting@kbs.co.kr,,{'description': {'urls': []}},False,70711,0,70711,525,818,Sun Mar 21 06:31:44 +0000 2010,4724,,,False,True,9407,457,,False,False,False,FF6699,http://abs.twimg.com/images/themes/theme11/bg.gif,https://abs.twimg.com/images/themes/theme11/bg.gif,True,http://pbs.twimg.com/profile_images/915626506/d0012468_4b44374b464a2_normal.jpg,https://pbs.twimg.com/profile_images/915626506/d0012468_4b44374b464a2_normal.jpg,"{'palette': [{'rgb': {'red': 255, 'green': 255, 'blue': 255}, 'percentage': 88.75}, {'rgb': {'red': 71, 'green': 70, 'blue': 65}, 'percentage': 5.71}, {'rgb': {'red': 113, 'green': 121, 'blue': 125}, 'percentage': 2.34}, {'rgb': {'red': 49, 'green': 78, 'blue': 126}, 'percentage': 0.24}, {'rgb': {'red': 87, 'green': 140, 'blue': 143}, 'percentage': 0.1}]}",,,"{'mediaStats': {'r': {'missing': None}, 'ttl': -1}}",B40B43,CC3366,E5507E,362720,True,False,False,False,,,True,,,,,,,,,promotable_user,analytics,,none,none,,,"{'highlightedLabel': {'r': {'ok': {}}, 'ttl': -1}}",False,ë°•ëŒ€ê¸°
160473078,160473078,ë…¸ì€ì§€ KBSê¸°ìƒìºìŠ¤í„°,eunjiroh,"Seoul, Korea","KBSê¸°ìƒìºìŠ¤í„°, í‰ì¼ ì €ë…7ì‹œ ë‰´ìŠ¤, ê¸€ë¡œë²Œ24, ì¼ìšœ ì €ë…9ì‹œ ë‰´ìŠ¤ yonsei univ. ewha-f hs ì´íƒœì›,ì—¬ì˜ë„ ì½œ",http://t.co/o1GMD7zdBK,"{'url': {'urls': [{'url': 'http://t.co/o1GMD7zdBK', 'expanded_url': 'http://www.cyworld.com/remnantrej', 'display_url': 'cyworld.com/remnantrej', 'indices': [0, 22]}]}, 'description': {'urls': []}}",False,3609,0,3609,96,76,Mon Jun 28 07:52:01 +0000 2010,0,,,True,False,1900,374,,False,False,False,C0DEED,http://abs.twimg.com/images/themes/theme1/bg.png,https://abs.twimg.com/images/themes/theme1/bg.png,False,http://pbs.twimg.com/profile_images/3112577590/75c6eb234e0023affdc85c0d61bebf38_normal.png,https://pbs.twimg.com/profile_images/3112577590/75c6eb234e0023affdc85c0d61bebf38_normal.png,,,,"{'mediaStats': {'r': {'missing': None}, 'ttl': -1}}",1DA1F2,C0DEED,DDEEF6,333333,True,False,True,False,,,False,,,,,,,,,none,,,none,none,,,"{'highlightedLabel': {'r': {'ok': {}}, 'ttl': -1}}",False,ë…¸ì€ì§€
238944951,238944951,ê¹€í˜œì£¼,ProfessorHyejoo,,"MC, KBSê³µì±„ì„±ìš°,ìƒëª…ëŒ€ ê°•ì‚¬,ìƒëª…ëŒ€ ì—°ê·¹ì˜í™”ê³¼ ë°•ì‚¬ê³¼ì • ìˆ˜ë£Œ",,{'description': {'urls': []}},False,135,0,135,13,3,Sun Jan 16 12:06:57 +0000 2011,0,,,False,False,123,9,,False,False,False,C0DEED,http://abs.twimg.com/images/themes/theme1/bg.png,https://abs.twimg.com/images/themes/theme1/bg.png,False,http://pbs.twimg.com/profile_images/1217153249/myProfileImage_normal.jpg,https://pbs.twimg.com/profile_images/1217153249/myProfileImage_normal.jpg,,,,"{'mediaStats': {'r': {'missing': None}, 'ttl': -1}}",1DA1F2,C0DEED,DDEEF6,333333,True,False,True,False,,,False,,,,,,,,,none,,,none,none,,,"{'highlightedLabel': {'r': {'ok': {}}, 'ttl': -1}}",False,ê¹€í˜œì£¼
168634874,168634874,ê¹€ì™„ìˆ˜ KBS,KbsAce,ì„œìš¸,ì„¸ê³„ëŠ” ë„“ê³  ì‚¬ëŒë„ ë§ê³  í•  ì¼ë„ ë§ë‹¤!,,{'description': {'urls': []}},False,1294,0,1294,170,50,Tue Jul 20 12:06:28 +0000 2010,24,,,True,False,1243,214,,False,False,False,C6E2EE,http://abs.twimg.com/images/themes/theme2/bg.gif,https://abs.twimg.com/images/themes/theme2/bg.gif,False,http://pbs.twimg.com/profile_images/484601253310119937/VU37cTgf_normal.jpeg,https://pbs.twimg.com/profile_images/484601253310119937/VU37cTgf_normal.jpeg,"{'palette': [{'rgb': {'red': 30, 'green': 30, 'blue': 30}, 'percentage': 48.33}, {'rgb': {'red': 167, 'green': 169, 'blue': 166}, 'percentage': 26.45}]}",,,"{'mediaStats': {'r': {'missing': None}, 'ttl': -1}}",1F98C7,C6E2EE,DAECF4,663B12,True,False,False,False,,,False,,,,,,,,,none,,,none,none,,,"{'highlightedLabel': {'r': {'ok': {}}, 'ttl': -1}}",False,ê¹€ì™„ìˆ˜
142888248,142888248,ê¹€ì–‘ìˆœ,ysoonii,"Washington, DC","correspondent of KBS in washington dc. Korean journalist. data journalist. fact cheker. ë§‘ê³  í–¥ê¸°ë¡­ê²Œ, ì¢‹ì•„í•˜ëŠ” ê²ƒë“¤ :ì±…ì½ê¸° ìŒì•…ë“£ê¸°, ì‚¬ëŒ...ì£½ê¸° ì „ ì œëŒ€ë¡œ ëœ
ì±… í•œê¶Œ ì“°ê¸°, ë‚¨ë§¤ë“¤ ì‚¬ë‘í•˜ë©° í‚¤ìš°ê¸°",https://t.co/7jqOHKgkSW,"{'url': {'urls': [{'url': 'https://t.co/7jqOHKgkSW', 'expanded_url': 'http://www.facebook.com/ysooni', 'display_url': 'facebook.com/ysooni', 'indices': [0, 23]}]}, 'description': {'urls': []}}",False,2885,0,2885,323,191,Wed May 12 01:06:28 +0000 2010,147,,,True,False,2105,111,,False,False,False,000000,http://abs.twimg.com/images/themes/theme10/bg.gif,https://abs.twimg.com/images/themes/theme10/bg.gif,False,http://pbs.twimg.com/profile_images/968018812514660353/LC5fqpTN_normal.jpg,https://pbs.twimg.com/profile_images/968018812514660353/LC5fqpTN_normal.jpg,"{'palette': [{'rgb': {'red': 169, 'green': 167, 'blue': 186}, 'percentage': 38.89}, {'rgb': {'red': 68, 'green': 65, 'blue': 66}, 'percentage': 20.93}, {'rgb': {'red': 203, 'green': 162, 'blue': 140}, 'percentage': 11.15}, {'rgb': {'red': 83, 'green': 103, 'blue': 163}, 'percentage': 7.98}, {'rgb': {'red': 89, 'green': 129, 'blue': 238}, 'percentage': 2.48}]}",,,"{'mediaStats': {'r': {'missing': None}, 'ttl': -1}}",89C9FA,000000,000000,000000,False,False,False,False,,,False,,,,,,,,,promotable_user,analytics,,none,none,,,"{'highlightedLabel': {'r': {'ok': {}}, 'ttl': -1}}",False,ê¹€ì–‘ìˆœ
229909888,229909888,ê¹€ì†Œì˜,kimsooooy,seoul,'í•«íŒ©ì—ì„œë³´ì¼ëŸ¬ê¹Œì§€'ìº í˜ì¸ ì§„í–‰ mtn ë¨¸ë‹ˆíˆ¬ë°ì´ ë¦¬í¬í„° kbs ë®¤ì§€ì»¬ mc,,{'description': {'urls': []}},False,282,0,282,0,1,Thu Dec 23 17:38:09 +0000 2010,2,,,True,False,1074,13,,False,False,False,C0DEED,http://abs.twimg.com/images/themes/theme1/bg.png,https://abs.twimg.com/images/themes/theme1/bg.png,False,http://pbs.twimg.com/profile_images/3510024198/bd37a430c8f2364101d9b13d94f40194_normal.jpeg,https://pbs.twimg.com/profile_images/3510024198/bd37a430c8f2364101d9b13d94f40194_normal.jpeg,,,,"{'mediaStats': {'r': {'missing': None}, 'ttl': -1}}",1DA1F2,C0DEED,DDEEF6,333333,True,False,True,False,,,False,,,,,,,,,none,,,none,none,,,"{'highlightedLabel': {'r': {'ok': {}}, 'ttl': -1}}",False,ê¹€ì†Œì˜
49560380,49560380,ê¹€ë¹›ì´ë¼,be_my_light,Seoul,KBS ê¸°ì.,,{'description': {'urls': []}},False,660,0,660,1,21,Mon Jun 22 06:52:32 +0000 2009,49,,,False,False,4,5,,False,False,False,FF6699,http://abs.twimg.com/images/themes/theme11/bg.gif,https://abs.twimg.com/images/themes/theme11/bg.gif,True,http://pbs.twimg.com/profile_images/676956931601338368/jZQOTnP5_normal.jpg,https://pbs.twimg.com/profile_images/676956931601338368/jZQOTnP5_normal.jpg,"{'palette': [{'rgb': {'red': 153, 'green': 125, 'blue': 86}, 'percentage': 34.56}, {'rgb': {'red': 211, 'green': 197, 'blue': 161}, 'percentage': 33.18}, {'rgb': {'red': 61, 'green': 54, 'blue': 27}, 'percentage': 29.02}, {'rgb': {'red': 254, 'green': 254, 'blue': 254}, 'percentage': 3.43}, {'rgb': {'red': 214, 'green': 181, 'blue': 133}, 'percentage': 2.84}]}",,,"{'mediaStats': {'r': {'missing': None}, 'ttl': -1}}",B40B43,CC3366,E5507E,362720,True,False,False,False,,,False,,,,,,,,,none,,,none,none,,,"{'highlightedLabel': {'r': {'ok': {}}, 'ttl': -1}}",False,ê¹€ë¹›ì´ë¼
178920826,178920826,KBS ê¹€ê¸°ë²” ê¸°ì,kikibum86,ì„œìš¸ ì—¬ì˜ë„,,,{'description': {'urls': []}},False,403,0,403,65,11,Mon Aug 16 01:32:22 +0000 2010,14,,,False,False,143,1,,False,False,False,C0DEED,http://abs.twimg.com/images/themes/theme1/bg.png,https://abs.twimg.com/images/themes/theme1/bg.png,False,http://pbs.twimg.com/profile_images/1404641538076930049/mMGOf8LP_normal.jpg,https://pbs.twimg.com/profile_images/1404641538076930049/mMGOf8LP_normal.jpg,"{'palette': [{'rgb': {'red': 106, 'green': 121, 'blue': 146}, 'percentage': 47.92}, {'rgb': {'red': 59, 'green': 32, 'blue': 27}, 'percentage': 33.44}, {'rgb': {'red': 229, 'green': 140, 'blue': 82}, 'percentage': 8.97}, {'rgb': {'red': 153, 'green': 33, 'blue': 25}, 'percentage': 2.34}, {'rgb': {'red': 234, 'green': 194, 'blue': 154}, 'percentage': 1.97}]}",,,"{'mediaStats': {'r': {'missing': None}, 'ttl': -1}}",1DA1F2,C0DEED,DDEEF6,333333,True,False,True,False,,,False,,,,,,,,,none,,,none,none,,,"{'highlightedLabel': {'r': {'ok': {}}, 'ttl': -1}}",False,ê¹€ê¸°ë²”
